#{"t_start": 1774403143.1826496, "env_id": "None"}
r,l,t
-469.56349,473,2.780495
-626.209342,2158,19.910089
286.539738,468,22.525086
242.585275,442,24.991201
194.388692,673,33.485785
349.087312,290,35.097479
346.707665,278,36.643472
263.753827,426,39.010119
398.122166,233,40.305463
333.205476,341,42.200624
345.589543,353,44.168497
453.540435,159,50.325434
380.616994,210,51.503386
411.105128,138,52.278059
385.633786,149,53.115298
421.604982,140,53.900054
387.38611,193,54.995641
376.984898,247,56.372004
347.973343,295,58.010727
415.746604,139,58.788718
433.666212,220,60.011694
385.931477,317,66.963848
431.977691,126,67.664791
447.358467,111,68.281331
455.69408,125,68.975264
424.472548,144,69.77764
398.575609,160,70.674912
430.772153,170,71.622409
454.911107,169,72.564099
394.120592,167,73.497893
443.056617,113,74.125817
409.504464,144,74.928366
487.290015,103,75.504773
401.261481,187,76.544943
429.241065,160,77.434892
443.234514,160,83.387327
474.476458,140,84.170542
470.336941,120,84.841083
402.457117,117,85.495346
439.44487,103,86.075343
419.097965,118,86.734338
447.355377,125,87.434252
431.200126,84,87.901456
444.384905,132,88.634604
483.843953,125,89.334093
431.937911,170,90.284776
465.421471,114,90.919658
430.885286,88,91.413217
444.863122,103,91.990292
405.195353,124,92.681929
412.775053,115,93.32585
408.461202,133,99.077227
435.550521,117,99.725465
441.503101,134,100.471302
451.14576,92,100.993733
443.492329,90,101.495598
428.941146,78,101.931858
406.381478,116,102.582185
447.825135,83,103.045397
452.477353,103,103.622317
433.624635,82,104.080772
468.696131,113,104.712474
420.461932,79,105.152099
426.942499,102,105.71786
451.932261,74,106.130351
458.864636,92,106.643016
457.250304,114,107.280302
450.444281,104,107.86215
452.012796,90,108.370623
486.388518,117,109.02553
444.738822,91,109.534987
452.397544,87,110.019733
460.400154,94,115.355515
428.480855,90,115.853053
407.41572,101,116.413784
458.438821,68,116.789797
463.274271,97,117.328127
448.346883,80,117.772337
451.873686,93,118.287088
467.049913,81,118.736959
472.93607,101,119.299318
475.676465,88,119.787649
472.165435,80,120.232436
445.382601,82,120.691023
482.988595,110,121.301344
447.893206,83,121.760593
489.728158,92,122.265611
466.431806,87,122.753525
414.758685,98,123.299719
437.619209,90,123.800104
474.895512,101,124.361855
424.740489,79,124.802894
414.287814,146,125.613085
468.161575,81,126.062714
512.836818,99,126.613313
453.254393,84,132.02253
482.575525,78,132.45917
464.959015,86,132.939888
468.944767,101,133.503663
481.633723,104,134.083692
464.97217,78,134.518876
415.190636,75,134.940818
450.644291,84,135.411227
520.756889,88,135.905355
466.129394,98,136.456685
469.486122,90,136.961176
438.978497,77,137.392251
462.351849,86,137.873855
428.620345,89,138.370264
439.951145,80,138.819589
460.443209,86,139.302252
468.306187,74,139.714256
470.275163,89,140.219673
448.999338,122,140.898292
500.818744,94,141.425968
440.120849,93,141.945856
451.475255,81,142.398771
461.779681,67,142.773387
447.216444,78,148.238637
421.804091,102,148.809577
509.530065,82,149.267711
451.979843,93,149.784454
466.840718,87,150.267612
463.339687,74,150.678796
480.078838,100,151.238052
485.603083,84,151.705136
493.994619,123,152.394712
450.333529,77,152.824912
488.388876,69,153.207466
444.528164,68,153.585116
441.892265,77,154.014141
430.064517,99,154.566025
471.622252,68,154.944876
448.739638,71,155.342993
443.523533,75,155.75932
468.251381,71,156.153589
477.750577,108,156.754183
477.009609,78,157.189903
458.377909,84,157.660422
473.128832,73,158.067301
455.274847,74,158.479439
445.076262,68,158.857224
459.15961,66,159.225673
445.991818,95,164.616451
461.426066,64,164.973141
451.253424,79,165.415716
513.027196,75,165.834649
438.496593,64,166.191812
480.685479,70,166.583968
458.272596,83,167.04798
433.325065,72,167.451865
463.568528,73,167.870777
480.934405,69,168.257409
441.587745,67,168.634231
497.800524,96,169.168468
458.55651,70,169.558313
483.572322,72,169.957555
498.872931,103,170.53057
443.672004,66,170.900618
484.080461,73,171.308619
486.314864,83,171.771161
454.1069,57,172.0891
504.885253,91,172.597658
490.957896,88,173.088393
520.88295,78,173.526585
493.869896,100,174.093009
423.930842,82,174.553837
473.629287,76,174.979795
477.504107,69,175.368279
493.121819,70,175.761304
442.028744,73,180.917195
447.94165,69,181.301337
433.752911,60,181.635492
482.304292,75,182.054742
466.252645,62,182.401565
507.854889,94,182.925233
447.622029,71,183.324985
450.300035,63,183.678599
455.283331,65,184.042053
476.190325,55,184.34951
445.866201,51,184.634435
463.104437,116,185.28551
444.590366,58,185.608851
461.401515,64,185.965062
453.047501,62,186.312431
468.0575,56,186.624939
502.349659,76,187.048873
474.420817,64,187.408184
466.724932,73,187.815634
467.413208,65,188.180062
485.726189,61,188.520936
477.656852,57,188.838534
488.859506,67,189.214329
476.455263,67,189.588715
458.892374,59,189.919442
479.588629,70,190.317124
451.332015,56,190.633065
473.346639,60,190.968441
505.236875,72,191.371305
437.914234,78,191.809978
435.019076,64,196.839847
471.913034,58,197.166537
454.834059,53,197.462626
452.852065,83,197.928439
471.623843,56,198.241377
447.008999,56,198.555481
437.236416,61,198.896499
504.375289,60,199.234083
495.181962,64,199.596103
458.854847,63,199.948061
468.015505,59,200.277965
499.541287,82,200.735644
449.38771,57,201.053422
501.679105,61,201.392539
481.438171,75,201.813344
471.109771,59,202.144596
447.273834,53,202.440043
432.484966,59,202.769514
435.244846,52,203.059283
448.193143,77,203.48835
502.630467,60,203.823536
474.436587,66,204.191715
500.153053,78,204.626646
433.449529,63,204.976647
474.531523,65,205.338598
470.013048,59,205.666314
465.158417,58,205.989178
457.223993,81,206.440726
528.187869,70,206.832714
477.849015,57,207.153786
432.562034,56,207.467005
474.062444,71,207.864122
471.254489,62,213.287112
488.419883,61,213.632211
484.682035,60,213.967906
486.303969,63,214.318996
450.081528,53,214.614141
478.212599,59,214.944201
483.290617,61,215.285542
472.230102,66,215.655227
493.545567,69,216.041605
483.978483,60,216.377687
468.204884,52,216.669139
498.356527,63,217.020414
480.43582,52,217.312927
456.557927,62,217.661825
458.240424,59,217.998271
473.852867,54,218.30234
481.3206,63,218.656498
494.349245,59,218.987938
479.198459,60,219.32549
447.320143,61,219.667996
458.336773,77,220.098787
502.056983,59,220.430197
477.838689,72,220.839921
483.345269,66,221.203125
509.61858,58,221.519821
514.081506,56,221.82499
489.228862,60,222.156335
449.207793,59,222.47908
476.61869,75,222.889449
493.927973,66,223.2489
461.282576,61,223.586599
494.033214,62,223.926694
499.358117,57,224.240461
477.369899,75,224.652633
452.388896,51,229.873421
510.15463,59,230.20591
472.737126,49,230.483921
507.709812,58,230.811349
456.774771,52,231.10281
504.847843,54,231.407559
486.361552,56,231.721733
489.651661,54,232.025841
461.456552,87,232.514756
497.955975,75,232.937376
473.446729,54,233.241719
538.786313,56,233.556521
455.444395,53,233.853469
484.232197,57,234.174932
514.550699,62,234.525577
505.802016,57,234.846474
490.335627,60,235.183653
439.24806,55,235.493658
477.543821,57,235.81419
440.355614,52,236.108937
456.324697,57,236.43441
504.010359,54,236.73739
516.656028,59,237.068187
467.531831,50,237.349205
463.610842,51,237.6376
450.614188,50,237.916952
451.381686,70,238.310183
465.95779,59,238.640947
505.433834,55,238.949894
524.464296,66,239.319799
492.030325,57,239.641172
449.566794,56,239.956544
483.187185,64,240.317323
438.046801,62,240.667245
499.382691,54,240.972033
500.555191,55,246.013498
479.304023,50,246.291702
508.633543,55,246.596999
442.299937,51,246.879643
481.959749,47,247.141526
486.868016,51,247.425851
486.461172,55,247.733921
444.08916,44,247.979444
498.109855,59,248.30794
436.338414,49,248.581305
456.182701,49,248.853679
457.141363,76,249.279194
510.430676,61,249.618344
491.291915,55,249.925959
460.490395,51,250.210481
458.322167,49,250.484296
471.774925,50,250.765196
497.532031,60,251.100885
469.916192,56,251.41429
492.614772,57,251.733637
465.700746,47,251.997046
471.915515,48,252.265318
463.210941,49,252.538625
501.403714,56,252.850132
467.871897,45,253.10053
442.277141,50,253.382782
492.872539,53,253.678638
456.997801,48,253.948364
504.060229,54,254.249817
486.198259,49,254.523162
513.353567,48,254.789683
468.029683,49,255.063699
474.128414,54,255.366029
470.373117,49,255.638777
462.784562,54,255.939839
473.315977,49,256.215734
476.701217,70,256.609064
500.753469,60,256.945432
499.64991,53,257.241905
455.576499,54,262.236053
456.142184,59,262.565329
468.827104,57,262.886099
483.283471,62,263.23418
482.204933,72,263.637052
489.732414,47,263.89992
474.357609,47,264.166707
451.19847,46,264.424248
503.824792,57,264.743507
487.286647,46,265.002685
490.193722,46,265.259787
467.508448,52,265.550806
494.941966,50,265.83233
480.79124,52,266.125698
485.63346,53,266.424271
489.893252,46,266.683666
509.103243,52,266.977366
491.438591,47,267.243395
494.316249,58,267.572438
444.074458,42,267.809086
438.018387,50,268.093712
473.952673,47,268.358131
500.400504,52,268.649928
487.000932,51,268.936685
533.794904,54,269.240921
480.844229,48,269.510738
465.954725,50,269.791659
482.988225,57,270.110722
508.074336,54,270.41573
508.685928,71,270.813326
533.521811,69,271.200563
508.548022,60,271.538902
447.388562,48,271.807661
494.692785,57,272.127841
469.041641,52,272.420379
489.92638,50,272.700887
493.191975,57,273.023958
486.334619,47,273.288717
490.658149,56,278.432078
505.243405,66,278.803324
491.957429,45,279.05459
505.058683,48,279.324306
518.738234,55,279.635924
469.816188,54,279.937915
501.845219,53,280.235951
501.858799,50,280.515626
468.595108,44,280.763712
479.268353,46,281.020738
492.868689,50,281.299424
469.7742,48,281.569737
487.909216,48,281.838568
487.619483,48,282.114875
452.078607,46,282.372568
449.801818,42,282.608109
491.267754,52,282.902692
463.741793,43,283.142786
518.717052,55,283.452766
446.356646,39,283.670597
477.443142,51,283.956232
520.089156,54,284.260872
473.581238,49,284.536222
434.083979,48,284.80634
458.942984,50,285.088262
472.398301,54,285.389886
510.102016,49,285.665704
507.897668,60,286.002438
505.836017,55,286.311163
497.081397,48,286.579152
502.929692,58,286.906775
468.002398,48,287.177954
479.1689,48,287.445678
458.990921,60,287.782479
484.129313,46,288.040665
443.788261,44,288.288237
434.465367,42,288.52261
507.015438,52,288.808509
460.521749,45,289.055181
464.484391,46,289.309176
479.795406,47,289.570533
460.966311,44,289.81031
486.89499,52,295.475537
495.514674,61,295.81495
472.323084,47,296.079359
464.148991,45,296.330419
494.292379,45,296.580908
476.282855,45,296.832129
530.781143,51,297.11463
506.557974,54,297.415649
485.62925,43,297.655788
451.023772,40,297.879643
499.607741,50,298.159185
455.708059,46,298.415638
514.875148,47,298.677744
494.691293,47,298.942037
467.777507,54,299.246856
447.282645,44,299.493752
510.117539,47,299.75685
441.241063,39,299.978285
492.67847,56,300.291042
489.016492,43,300.533872
456.663875,43,300.77372
514.660093,50,301.053887
485.84759,49,301.327894
500.504704,46,301.584261
453.672041,45,301.835963
445.194304,39,302.054903
491.775426,50,302.334623
497.284226,55,302.642348
500.875052,46,302.900718
482.734677,47,303.162305
510.103774,54,303.463497
508.972625,50,303.743434
517.564457,47,304.006164
479.328147,42,304.241083
468.441609,52,304.541674
512.606625,50,304.820631
452.117706,48,305.088639
503.468794,49,305.361831
478.350181,55,305.672346
490.559119,48,305.939421
457.553828,53,306.237404
526.54461,48,306.505909
499.031028,46,311.512457
512.649551,46,311.769935
466.44583,45,312.023002
442.576131,44,312.270358
488.838645,47,312.532331
478.973066,40,312.757248
492.73073,41,312.986739
480.945962,43,313.227467
480.796634,48,313.498279
472.083664,43,313.740268
494.9912,49,314.016125
451.356351,42,314.253841
451.365423,42,314.488316
447.530283,39,314.708979
483.860505,44,314.95891
451.181057,42,315.197105
490.49399,42,315.434059
510.166981,49,315.71126
469.38682,43,315.953163
507.090656,49,316.229076
503.753915,48,316.498743
491.901883,45,316.750845
537.143191,52,317.045115
481.15159,44,317.293806
493.999458,48,317.565585
485.897716,47,317.83075
513.910061,44,318.078247
483.095677,45,318.33235
515.461505,47,318.598255
509.320957,46,318.859505
456.056534,42,319.096045
491.44847,43,319.339593
460.808186,42,319.578299
479.641614,41,319.808728
509.610529,56,320.12416
523.607762,50,320.406844
514.017793,51,320.693442
464.059142,40,320.918999
449.124025,46,321.178823
500.948592,48,321.450672
451.345477,40,321.674955
517.718746,48,321.946503
510.492761,52,322.239855
478.803105,46,322.500187
447.612954,39,322.718657
512.336087,48,327.771826
451.851487,47,328.039746
486.557048,42,328.27593
495.928746,51,328.562619
491.003312,42,328.79896
491.466032,46,329.061516
492.457158,49,329.337027
483.788554,53,329.632834
523.843492,48,329.903766
509.880343,44,330.15191
489.371606,43,330.395437
493.126856,55,330.705427
447.78334,42,330.943787
517.642834,45,331.19705
474.779435,46,331.456283
442.428797,42,331.693806
476.15465,43,331.936424
480.890971,46,332.194685
470.92945,43,332.436253
471.962723,41,332.665915
489.654008,46,332.924925
474.009204,44,333.172981
489.927366,56,333.49238
512.58694,47,333.758399
500.968117,48,334.028944
508.254615,47,334.294185
492.755002,44,334.542477
457.148011,42,334.778902
480.62752,46,335.039649
506.431952,46,335.299093
477.673666,42,335.535626
448.017517,38,335.75016
476.429277,40,335.975771
500.495884,46,336.235085
499.540415,61,336.576891
466.791468,44,336.824307
436.769579,46,337.084006
509.473163,44,337.331054
454.692028,44,337.578026
469.96476,49,337.851971
501.945575,45,338.104166
476.373954,41,338.334699
505.894007,48,338.606574
492.911382,47,338.871953
509.009726,43,339.114481
475.26453,44,344.134797
501.813706,45,344.386885
510.270787,45,344.642703
469.945406,46,344.899932
516.99379,46,345.158223
501.216484,47,345.421418
491.599759,42,345.657912
502.353929,44,345.904069
467.827738,41,346.132134
526.452804,47,346.394892
471.311251,42,346.628143
470.936185,41,346.858557
485.331302,42,347.094177
460.317262,38,347.307138
451.168986,39,347.52652
452.936108,41,347.755279
512.916264,44,348.000464
478.66064,41,348.228915
480.368305,44,348.482693
507.521061,45,348.737614
497.872143,53,349.032674
493.435094,48,349.299298
515.516181,48,349.56724
503.15435,44,349.811228
452.235972,40,350.036616
462.571916,44,350.28602
468.099351,50,350.559921
501.942005,45,350.804925
495.163653,44,351.046566
537.163057,52,351.331348
450.565247,44,351.573195
447.770116,40,351.793844
515.982427,46,352.045505
532.457342,50,352.319993
439.362148,40,352.542545
501.351708,44,352.786912
489.141741,42,353.014168
499.896254,49,353.282618
474.676041,47,353.539206
496.060042,50,353.81206
462.32873,42,354.039836
499.213497,45,354.284832
458.899606,41,354.509246
472.610368,43,354.744778
475.474262,40,354.963475
465.800026,40,355.180956
447.254022,50,360.586681
479.630188,42,360.822211
494.414543,49,361.099285
489.902982,42,361.337105
459.988458,41,361.568543
487.204538,49,361.846087
516.347533,44,362.097644
487.302172,44,362.343557
437.952918,37,362.550308
447.637615,40,362.776206
494.51856,40,363.001022
471.38085,44,363.249817
467.859456,39,363.469695
532.90575,46,363.728052
502.672652,44,363.973896
481.200105,44,364.222041
501.36573,44,364.470734
474.185392,39,364.690151
499.275242,48,364.961228
482.626746,42,365.196363
533.562577,47,365.462039
489.279635,40,365.687349
489.172223,42,365.92304
518.41268,48,366.193897
472.04784,44,366.44212
478.021346,44,366.693258
463.273685,40,366.918633
502.199916,44,367.166216
485.783463,46,367.424701
475.712225,40,367.651228
481.41658,42,367.886267
485.116939,42,368.122718
489.011505,41,368.352996
485.902221,43,368.595641
443.629277,38,368.808864
473.609237,41,369.040369
503.100732,48,369.308629
493.112371,45,369.561017
456.646864,39,369.779656
487.792858,44,370.02552
467.616465,39,370.245575
464.199951,40,370.469968
519.586955,43,370.716061
494.356651,53,371.019395
494.50906,42,371.259003
510.936881,44,371.508069
504.79353,44,371.753968
433.078547,45,372.009309
473.267753,38,377.342534
480.325116,45,377.598428
458.554743,40,377.822335
440.881313,37,378.031477
437.334644,38,378.245679
513.865935,51,378.532648
490.469042,43,378.773407
517.797064,49,379.050167
466.149301,44,379.297404
515.79788,46,379.556009
512.842776,43,379.797416
490.90258,40,380.022556
473.029396,41,380.253377
488.04303,40,380.47822
503.075604,43,380.721862
496.771,45,380.979011
502.448234,43,381.223066
482.250399,44,381.470964
471.16283,39,381.69077
512.862954,52,381.983567
485.803158,41,382.212991
456.207321,43,382.454635
470.417765,48,382.724713
538.566399,58,383.05464
486.589397,44,383.301409
490.625193,44,383.549941
495.389827,43,383.789772
479.4706,40,384.012272
452.351921,41,384.235026
471.795017,39,384.448503
478.301888,39,384.66133
515.005966,45,384.907792
501.989015,45,385.155102
513.75934,45,385.405071
453.992172,42,385.63325
518.3397,46,385.882041
477.749218,39,386.093492
453.532053,44,386.333083
483.850965,44,386.571304
504.213002,44,386.811609
525.908646,44,387.052329
505.346545,44,387.293578
450.43542,40,387.510229
510.078109,46,387.760109
489.18031,43,387.993825
510.795864,46,388.245287
461.881116,38,388.454331
439.242846,37,393.750359
487.979195,42,393.989989
517.406333,44,394.243841
459.462133,40,394.467512
532.005604,46,394.725134
504.089538,42,394.962735
471.024305,40,395.180495
485.650997,42,395.410282
460.17798,42,395.638203
476.680541,41,395.861668
472.986933,42,396.090578
513.141476,45,396.335159
446.092169,40,396.55278
483.794841,45,396.800003
448.910602,40,397.01893
472.703231,42,397.24926
444.12969,42,397.479969
500.657419,41,397.704926
465.018776,41,397.928623
507.270392,42,398.156236
464.661201,39,398.370768
485.588942,42,398.600601
488.266795,39,398.813945
474.7654,39,399.027117
467.945824,43,399.261348
456.013765,38,399.474405
448.552555,39,399.687297
439.190076,38,399.893857
500.902327,41,400.120771
479.155351,41,400.347211
479.589317,43,400.581023
488.28694,46,400.832739
439.241306,36,401.029999
531.920462,44,401.271617
493.042201,43,401.505374
447.866654,38,401.712306
506.623563,50,401.982027
487.817707,40,402.204468
446.463884,37,402.405653
480.41806,43,402.640203
472.430024,43,402.873173
501.295054,42,403.100753
509.876851,41,403.3247
461.791346,38,403.532857
512.576969,43,403.765291
497.155676,41,403.989926
490.85993,38,404.199667
498.768415,41,404.423694
504.762026,41,404.64832
471.56086,37,404.850904
443.192715,38,410.170022
450.224332,39,410.387688
530.19032,48,410.656729
451.565429,36,410.857639
501.791663,44,411.104924
507.527005,43,411.345198
457.522874,39,411.563644
442.664216,37,411.771352
476.171309,39,411.989534
469.943057,37,412.195925
495.868461,43,412.435979
519.274225,51,412.721658
506.250976,43,412.969389
491.424979,39,413.184593
529.983079,43,413.422843
483.620081,37,413.626244
540.50467,43,413.86389
473.008166,39,414.078808
494.315874,44,414.32173
468.089925,40,414.543748
495.16721,41,414.770885
518.646578,44,415.012878
442.772396,37,415.215388
505.234505,44,415.457209
457.012928,43,415.694993
470.925015,38,415.903622
484.406636,42,416.137152
489.979476,41,416.362561
479.07222,41,416.588181
501.85771,41,416.811493
487.792113,38,417.01916
496.499749,46,417.27874
506.589092,44,417.519915
512.757583,42,417.750117
502.11331,42,417.983554
491.925418,39,418.199483
500.360952,44,418.442204
501.327433,43,418.677967
474.051508,39,418.890573
492.704511,41,419.112185
469.662705,41,419.333706
486.032493,41,419.559326
486.912738,39,419.774574
457.042444,38,419.987885
512.644485,45,420.232809
471.454465,39,420.445554
469.657727,41,420.670375
489.987355,39,420.884965
485.336156,42,421.11653
510.550062,46,421.370081
525.564743,45,427.0374
462.879693,37,427.244309
476.156794,42,427.479327
496.980224,39,427.698952
499.458744,49,427.972358
497.579127,44,428.217577
524.956872,43,428.457793
438.27706,40,428.683296
462.619326,40,428.907013
502.507856,45,429.158127
475.120327,41,429.386602
528.276063,44,429.631697
524.450577,44,429.87683
454.681152,39,430.094707
471.805617,39,430.311828
479.979761,40,430.536047
462.300951,38,430.74794
445.215711,37,430.955108
499.611807,41,431.184063
481.17268,40,431.407645
481.983633,41,431.635542
481.543267,41,431.863173
470.642218,41,432.09103
486.779004,43,432.330167
457.487069,40,432.555672
531.333021,43,432.796076
454.440441,38,433.008305
476.150486,39,433.225982
487.7618,44,433.469796
448.730192,38,433.681714
462.008423,39,433.898081
466.778981,42,434.131985
506.402355,42,434.365194
448.717376,37,434.571522
522.542085,42,434.806865
489.017453,42,435.041158
472.44049,37,435.248453
478.368742,45,435.499541
512.998656,41,435.727835
510.470097,45,435.980221
493.846877,42,436.21495
500.40889,42,436.449174
491.629492,41,436.678262
488.965901,41,436.907733
495.033186,43,437.149293
508.218681,42,437.382747
507.365574,43,437.623508
485.457363,38,437.835172
517.090413,45,438.089746
495.266613,42,443.696571
441.304659,36,443.897878
495.336723,43,444.13876
468.39381,40,444.361976
452.492261,39,444.579292
494.502724,46,444.835583
453.431724,38,445.05003
444.866981,38,445.262132
491.353222,44,445.507784
508.662384,41,445.736162
474.313448,40,445.958295
475.349253,40,446.180875
481.796398,48,446.45243
515.280855,43,446.692536
507.747073,40,446.91637
489.9288,44,447.163696
500.889692,42,447.399513
504.687775,45,447.651706
499.604237,47,447.913508
441.578461,37,448.12088
502.603265,42,448.356766
496.67566,40,448.58012
454.251188,37,448.786423
479.773318,40,449.012196
441.821169,40,449.236556
497.963328,43,449.477105
517.919063,44,449.724568
487.777691,44,449.969886
474.068746,37,450.176172
450.819528,37,450.381963
510.790018,45,450.633698
492.666703,44,450.880255
446.830657,40,451.103754
492.863037,42,451.339273
486.760423,40,451.564631
487.484545,41,451.793427
471.856355,36,451.994938
442.866107,41,452.225189
509.644265,45,452.476743
487.32912,39,452.694291
520.564545,41,452.924234
506.787573,43,453.164764
534.855621,43,453.404784
487.205368,42,453.639022
463.866064,38,453.853493
538.295433,48,454.12591
464.452412,40,454.349281
467.747528,36,454.552026
479.28527,40,454.776665
509.568459,44,455.021409
458.410173,39,460.07757
452.653723,38,460.291358
443.080768,38,460.506916
466.55086,43,460.747314
488.428067,39,460.967278
501.49571,43,461.207961
462.086734,39,461.427469
507.600223,43,461.678492
513.56928,44,461.922581
481.926446,38,462.134659
482.928249,40,462.355398
438.031858,37,462.560308
494.606175,43,462.797811
471.370241,40,463.018057
474.334682,40,463.238892
512.777935,44,463.483298
467.827261,39,463.702652
500.965496,53,463.998411
465.07788,41,464.225959
473.842143,38,464.433969
454.252938,37,464.639987
490.407555,42,464.869595
527.652099,43,465.106832
528.435304,43,465.347799
527.561283,48,465.617457
481.741187,40,465.84035
513.582617,44,466.092617
487.290773,44,466.33587
464.809895,46,466.590322
469.450767,41,466.818786
486.733898,38,467.030283
501.386285,42,467.261255
488.927011,40,467.478301
510.032216,44,467.719231
451.585294,37,467.922588
498.228136,41,468.149049
508.638014,42,468.37924
479.692116,43,468.619617
450.712482,36,468.81716
531.189691,42,469.048846
487.763973,41,469.276052
487.560359,42,469.507916
461.676557,38,469.718145
465.767399,38,469.927602
442.911388,37,470.132046
518.128216,42,470.365144
461.835056,39,470.580392
466.128998,42,470.814682
442.599969,37,471.021002
468.120379,38,471.230947
495.730515,40,476.089789
496.588481,41,476.316172
455.422966,42,476.552252
478.26286,41,476.77971
441.190575,37,476.98565
470.694772,38,477.197227
459.853217,40,477.418947
477.646293,37,477.625488
507.037164,39,477.841543
465.883152,40,478.063942
453.109683,38,478.276708
481.571223,41,478.504722
512.790001,43,478.744525
473.7438,39,478.960602
453.011953,37,479.166744
509.534758,42,479.400803
502.035451,43,479.640126
445.747997,38,479.851845
497.486167,43,480.091615
484.282237,41,480.320667
446.569505,37,480.526787
452.498573,36,480.726904
475.879541,44,480.972372
488.450286,40,481.195827
525.723151,44,481.440789
468.72899,39,481.658351
491.356452,40,481.880464
486.221298,52,482.171204
481.225826,39,482.39028
509.409523,41,482.618908
489.446992,41,482.846735
529.616951,42,483.080838
467.761072,38,483.292119
487.577233,40,483.515273
499.776738,45,483.765324
463.641662,39,483.981823
472.711911,39,484.212984
444.008816,37,484.419557
523.184741,42,484.655246
480.780619,42,484.88926
470.620968,37,485.09684
486.571362,37,485.303965
499.334426,44,485.549231
473.798528,36,485.750102
485.424933,43,485.991842
505.535773,42,486.226911
498.57312,45,486.477806
510.539513,43,486.71682
504.876275,40,486.940103
461.78482,39,487.158216
445.462684,37,487.365415
496.603554,47,492.426654
508.242891,42,492.662746
464.935244,39,492.879308
475.152896,40,493.103873
482.019192,37,493.310243
526.905519,42,493.547318
463.691892,37,493.752678
495.549573,41,493.980364
481.409421,40,494.202792
539.412569,44,494.447454
513.854722,43,494.686105
485.249831,39,494.902408
483.941021,40,495.124846
508.918403,41,495.353573
500.451399,40,495.57529
501.920785,43,495.814633
491.403286,38,496.026045
488.070702,39,496.242857
505.793625,44,496.487303
440.217776,36,496.686892
490.145618,42,496.921683
456.970438,39,497.138037
490.319646,40,497.361343
483.713966,39,497.579993
497.139252,40,497.803269
500.782925,40,498.026418
521.890266,41,498.25504
495.471026,42,498.492883
453.223629,39,498.710089
463.316599,38,498.921893
498.781276,43,499.162806
449.496725,39,499.381061
471.937838,40,499.604964
442.509891,36,499.804596
541.614168,44,500.052281
513.413802,46,500.309637
498.834294,38,500.521114
463.529988,38,500.732702
473.092056,40,500.954654
490.914214,42,501.189071
482.442556,38,501.405678
450.87494,37,501.615186
509.228741,43,501.855342
471.568508,38,502.065966
474.643122,36,502.266998
502.639915,44,502.512532
477.793961,37,502.719903
449.478162,40,502.946841
512.522436,42,503.18267
480.210497,40,503.406603
498.724495,43,508.674569
454.666984,37,508.880827
489.335612,39,509.097744
521.171425,43,509.336152
499.283846,43,509.578198
448.63321,37,509.784632
487.656315,39,510.00089
507.660958,42,510.234589
456.196099,38,510.446975
492.489881,41,510.675161
514.577361,42,510.90917
499.579149,40,511.131199
469.692204,39,511.347068
463.403768,37,511.553248
502.78403,42,511.785692
442.926254,36,511.985936
512.79871,43,512.226227
502.105963,43,512.468263
467.938016,37,512.674319
494.721832,42,512.907948
500.965433,45,513.159197
456.070758,39,513.376002
538.714819,43,513.61437
522.785886,41,513.842473
523.368996,44,514.088851
538.743746,43,514.3291
535.448601,43,514.570238
451.973362,37,514.775699
457.311783,37,514.98472
523.636462,44,515.231369
497.183844,40,515.454127
466.451742,39,515.671894
496.022253,44,515.915541
500.908261,45,516.166535
521.927301,44,516.411035
478.656012,37,516.615891
489.434609,40,516.838922
534.073396,44,517.083539
470.346719,38,517.294515
512.479447,44,517.539217
472.846798,41,517.767095
456.052873,37,517.97243
517.348754,45,518.221934
465.226439,39,518.44305
465.606887,39,518.660045
492.428314,41,518.888608
509.090044,43,519.128336
456.905876,38,519.342687
476.402535,42,519.578684
480.276076,39,519.7955
482.632029,40,520.017865
508.90765,44,525.709446
445.779901,37,525.915252
503.516576,39,526.135359
519.374907,42,526.369153
492.735092,39,526.58594
524.12996,43,526.825559
474.351745,39,527.04178
526.155386,43,527.282373
449.319972,37,527.489629
512.708881,45,527.740459
454.143185,37,527.946178
477.445055,42,528.179845
461.185718,39,528.397997
493.431348,40,528.621129
532.161862,44,528.867993
495.816349,41,529.096412
505.801261,40,529.320208
473.465457,39,529.537666
516.400622,41,529.77146
529.780175,43,530.009564
450.933277,36,530.210027
468.953168,38,530.421011
495.439706,42,530.654075
501.066643,41,530.881918
503.432464,39,531.100228
535.037054,44,531.344555
483.203309,37,531.552887
487.392367,42,531.787311
446.333094,37,531.994328
466.366523,38,532.205545
509.406265,42,532.438575
487.213287,41,532.667356
452.038388,37,532.872575
464.231395,38,533.084372
462.090987,38,533.296757
483.460382,41,533.525834
509.055024,39,533.744437
495.720166,43,533.983725
495.527223,43,534.223212
474.486959,38,534.434756
476.186625,37,534.644274
452.820838,39,534.862239
477.725621,36,535.062176
498.284378,38,535.273687
520.641834,42,535.508821
507.527638,44,535.754575
450.112873,37,535.961424
460.174575,38,536.172907
531.436689,44,536.418166
476.21206,41,536.645915
482.960726,37,536.850978
543.144583,44,541.84681
488.681652,41,542.074797
474.85197,37,542.280578
504.408713,42,542.516639
503.551362,41,542.745766
510.169131,43,542.985109
534.452846,43,543.225081
461.080434,39,543.445175
446.759717,42,543.679572
524.017602,42,543.913216
509.257138,44,544.1584
463.470248,36,544.358623
506.228687,41,544.586415
483.572894,37,544.792967
484.239775,37,544.99893
500.154523,44,545.242717
482.444393,41,545.470527
457.326394,38,545.682035
497.641223,42,545.915933
448.729448,38,546.129627
468.768703,36,546.331582
444.054859,36,546.532273
469.530219,39,546.750113
485.271103,41,546.978589
468.441798,39,547.197768
477.916331,41,547.426469
477.951771,40,547.64872
459.871005,38,547.860544
495.041797,40,548.087092
520.045854,41,548.315578
507.652014,44,548.561432
507.069916,44,548.807289
467.040201,40,549.031905
497.120039,45,549.283391
485.015133,37,549.489369
520.898417,45,549.740226
497.042967,39,549.960693
504.794995,43,550.203866
468.431729,42,550.438381
528.100144,44,550.68809
455.316545,38,550.901154
482.44571,40,551.1233
521.681771,42,551.359577
461.629605,39,551.578221
508.555784,42,551.812635
502.983979,40,552.035722
458.766432,36,552.24108
506.337926,41,552.476817
496.397683,42,552.711626
493.52526,43,552.951498
450.977174,36,558.604257
478.481678,37,558.810701
460.173105,41,559.042195
469.908805,38,559.256681
512.001853,43,559.497293
459.593941,39,559.715091
495.240337,40,559.937757
497.147738,41,560.165634
483.317904,40,560.388315
496.103943,42,560.623886
498.495673,41,560.853334
441.294425,36,561.054027
512.140348,43,561.29389
497.77247,41,561.52172
471.525235,39,561.741583
478.411244,40,561.964932
521.314686,43,562.204349
496.831758,43,562.445713
488.009379,39,562.661627
527.171991,43,562.899636
493.219789,50,563.177453
504.085944,43,563.415809
457.415883,37,563.620944
529.912604,44,563.865523
464.00729,42,564.099536
541.38471,46,564.355199
487.167976,39,564.575438
451.314121,37,564.781667
443.758666,37,564.988271
445.691499,36,565.189609
500.044211,43,565.429861
502.77237,46,565.687857
482.790525,40,565.911315
492.309858,37,566.116834
449.113111,36,566.317344
491.437931,40,566.539957
455.745799,37,566.745842
498.073938,42,566.978872
481.285463,40,567.200783
457.207284,38,567.411995
476.221816,40,567.634712
514.064675,44,567.879357
502.847516,41,568.107493
499.837467,40,568.330154
440.649608,36,568.529839
507.796424,44,568.776378
514.693738,42,569.010645
517.226432,42,569.244431
442.979776,36,569.444855
493.648242,44,569.689396
504.232726,39,569.906898
501.08357,43,575.151715
487.735632,41,575.386037
454.690959,37,575.593568
510.595083,41,575.820183
513.048729,40,576.043065
497.026745,41,576.271338
460.344541,38,576.481867
486.680064,38,576.6928
542.728314,43,576.9316
454.735062,40,577.153983
507.585885,39,577.371517
490.543145,41,577.599061
529.823762,43,577.837829
522.153011,42,578.07367
482.593547,40,578.298101
477.616671,40,578.520777
469.50897,38,578.733019
479.328497,38,578.944841
510.955316,43,579.183162
458.443397,37,579.389053
495.50579,40,579.612916
441.183355,37,579.819353
458.824169,39,580.038603
478.793735,40,580.261379
483.701334,38,580.472882
444.862754,36,580.673357
470.400376,39,580.889302
500.478638,42,581.125639
466.400827,38,581.337981
499.000212,42,581.571723
488.021995,40,581.794268
480.746829,39,582.010823
499.826943,44,582.255437
500.364715,41,582.483443
505.747057,45,582.734501
469.541261,40,582.957079
498.554648,49,583.229287
492.07254,42,583.463337
489.872683,38,583.674686
458.043691,39,583.890866
500.361017,41,584.119897
444.024247,38,584.33327
488.083048,41,584.561917
466.924961,39,584.784022
489.472001,43,585.024637
528.015234,42,585.257807
485.815441,38,585.468711
529.798032,43,585.707257
516.233816,41,585.936323
477.236063,36,586.136034
487.612491,43,586.37487
467.020898,40,591.552795
453.27484,42,591.787321
531.315408,42,592.023353
480.835866,37,592.230891
512.250644,43,592.471689
473.797505,37,592.679365
480.420599,39,592.898364
523.76684,43,593.138693
516.577542,44,593.387294
518.6302,41,593.616551
478.377856,42,593.851472
495.98586,40,594.075311
499.412909,41,594.305988
462.939777,37,594.512761
468.819714,40,594.736862
465.770584,37,594.944158
488.213126,41,595.173648
505.093995,41,595.404412
480.390517,37,595.611692
500.629909,42,595.848824
490.73996,38,596.062305
498.082274,39,596.281747
539.733172,43,596.52247
520.5059,41,596.752006
503.394407,40,596.979786
476.832324,38,597.193672
501.655892,38,597.407117
501.064931,45,597.661707
516.421665,41,597.902988
502.647268,40,598.128681
463.852479,38,598.341017
512.685034,40,598.567269
512.818404,43,598.80745
523.879985,41,599.035697
454.834613,39,599.254929
522.257086,42,599.491181
492.850057,39,599.709368
465.004264,37,599.917531
493.509926,44,600.163746
494.722596,38,600.377667
492.954185,41,600.607306
513.699814,41,600.837105
465.325944,39,601.056538
522.143097,43,601.297282
503.6023,39,601.517299
502.453708,41,601.746483
465.473775,38,601.958792
451.79119,39,602.178229
472.64317,37,602.385929
454.749105,41,602.616713
505.569657,41,602.846731
505.765495,40,608.049585
471.20717,38,608.260506
530.230675,44,608.508173
475.477703,38,608.720966
464.538102,38,608.933616
513.688707,43,609.177501
445.596563,37,609.382348
498.279297,45,609.633328
540.230318,44,609.879307
474.860247,39,610.097884
471.314735,37,610.3047
492.266756,41,610.532957
467.021562,39,610.749692
501.006048,48,611.017363
510.030894,43,611.258338
501.62604,45,611.510702
499.918654,42,611.744789
466.484437,37,611.95084
461.046101,38,612.162805
481.730936,40,612.386836
523.073765,42,612.62321
478.936472,40,612.846794
490.935652,40,613.072737
534.107383,45,613.326089
485.571974,42,613.561821
492.641766,40,613.786804
505.492982,43,614.037319
543.942385,44,614.281419
472.688376,41,614.509893
510.807275,45,614.758737
488.645836,42,614.989158
462.355594,38,615.199468
526.441165,42,615.429066
462.503869,37,615.634998
492.439132,41,615.860135
503.90624,41,616.084956
459.626619,38,616.292588
520.807282,42,616.522682
502.027074,42,616.753743
437.789605,36,616.948766
461.562572,37,617.150117
469.814355,36,617.350327
477.295807,40,617.569534
509.333685,44,617.811781
501.509577,40,618.031278
455.780562,37,618.232927
517.522377,42,618.462456
496.388775,45,618.707762
496.249546,39,618.919398
516.848541,44,619.157831
465.640009,39,624.491411
498.29687,42,624.725789
455.88558,37,624.931889
489.14462,40,625.159263
526.957719,43,625.3994
485.07457,40,625.621319
484.780046,39,625.838303
444.30686,37,626.043221
499.325993,40,626.265886
459.52016,38,626.476944
478.825816,40,626.699408
448.505373,37,626.90436
528.349284,44,627.148381
507.99172,42,627.380832
481.939863,38,627.592654
451.704248,36,627.793189
481.484486,38,628.004497
523.581796,44,628.24893
499.664933,39,628.466496
438.527298,37,628.6765
482.243324,39,628.890158
501.172866,39,629.103725
501.039513,38,629.310254
474.898252,38,629.517517
498.401174,40,629.736638
453.75463,36,629.932194
480.251429,37,630.134716
438.77003,36,630.330758
496.76261,42,630.56441
504.348785,40,630.782891
447.894575,37,630.985773
467.006362,39,631.200239
461.768216,38,631.406905
508.181399,41,631.629906
452.290181,37,631.830632
507.510121,41,632.054242
453.797489,42,632.286278
439.750981,38,632.495517
538.823875,43,632.732756
479.230006,40,632.94989
465.224715,39,633.163465
498.519813,41,633.386683
505.127835,45,633.630934
463.893069,39,633.844986
471.588048,42,634.076358
469.25545,36,634.273625
451.692131,36,634.473848
532.604902,43,634.70816
473.329611,39,634.922827
534.703456,43,635.158127
511.747883,42,635.388905
469.610926,36,635.585261
441.872734,36,641.244564
470.856636,40,641.469977
512.419491,41,641.702395
468.429864,37,641.910177
516.360133,43,642.150049
463.795789,37,642.356785
509.390392,45,642.606518
457.829336,37,642.812347
505.37117,39,643.029305
465.52033,36,643.231102
465.542265,40,643.463404
459.836556,38,643.67681
480.88159,40,643.902104
468.433877,43,644.142798
515.8523,42,644.378007
468.477342,39,644.595002
503.536759,44,644.84038
485.213978,37,645.046294
491.022968,39,645.263318
491.996569,40,645.488941
473.90144,38,645.701496
462.289374,40,645.924729
498.113304,40,646.149963
495.396389,42,646.385044
500.689909,39,646.60303
494.522731,43,646.845239
490.183335,43,647.088498
491.204852,41,647.318096
483.167569,42,647.55258
444.489156,36,647.753799
467.056376,36,647.956487
468.494272,39,648.174486
469.221985,38,648.38672
469.252499,38,648.601744
469.927199,38,648.813972
495.144377,42,649.048813
437.874994,36,649.253272
521.296327,40,649.479542
529.76535,42,649.714029
532.51614,44,649.959023
487.002177,41,650.187819
454.150478,36,650.391567
473.200939,38,650.603874
470.126487,41,650.832687
469.038282,39,651.052485
501.247148,42,651.286815
540.039355,45,651.536665
451.235188,36,651.737563
474.408291,39,651.954386
483.628886,41,652.182875
463.383839,38,652.396114
483.2967,40,657.728723
495.358442,45,657.978917
474.980698,36,658.176787
478.518442,40,658.396326
440.82532,36,658.591968
462.802844,39,658.805026
459.192704,39,659.021311
464.61987,36,659.220819
485.223294,37,659.426778
465.041114,37,659.631273
447.224641,38,659.841233
462.780151,36,660.041538
457.844503,39,660.25506
499.619408,41,660.479167
502.412201,44,660.719199
496.005021,42,660.948651
454.674086,37,661.150499
492.818581,42,661.3809
489.527447,41,661.604829
468.851397,38,661.812535
513.011366,43,662.046101
479.961386,40,662.263237
494.592583,42,662.492136
452.089393,38,662.701354
510.92079,41,662.925096
504.297726,40,663.144413
451.455837,38,663.352965
503.587477,39,663.56943
455.650482,38,663.7774
460.162254,37,663.979179
448.841268,39,664.192014
496.805665,42,664.4211
487.587901,40,664.640543
502.873743,43,664.873882
507.531311,42,665.1036
445.993407,36,665.299929
468.971683,39,665.510433
522.169755,42,665.739735
499.488846,40,665.956668
486.093492,40,666.175425
484.13347,42,666.412406
504.865979,39,666.634756
481.18048,42,666.869784
489.473851,38,667.079861
449.153776,37,667.286227
452.945279,37,667.492482
502.080942,40,667.714252
484.089147,42,667.946931
507.594064,43,668.185621
494.294042,39,668.403715
462.567133,38,668.615313
449.106393,39,668.83233
482.41283,38,674.303737
444.758165,40,674.530008
441.187083,41,674.760069
502.794431,42,674.993868
543.618737,44,675.240212
480.961672,40,675.462918
477.145694,38,675.674185
458.009142,36,675.873644
488.008747,43,676.112443
515.054948,42,676.345607
478.221953,39,676.56286
519.860946,43,676.801867
462.402267,38,677.012908
493.16874,41,677.241243
461.154181,39,677.457767
515.660915,46,677.715281
467.566013,40,677.938869
464.249519,37,678.150619
522.341574,43,678.390552
475.689381,39,678.603226
509.231118,44,678.844753
470.086556,38,679.058684
498.616302,39,679.275835
441.90138,36,679.477844
477.217494,41,679.707761
470.967291,39,679.926045
436.517396,42,680.164132
475.300491,39,680.383072
443.558781,37,680.590492
504.653958,42,680.82535
477.319066,37,681.032107
484.991172,39,681.251342
460.946493,37,681.460701
509.930461,42,681.697542
496.002458,40,681.921519
545.974963,47,682.185556
485.541882,38,682.398747
466.812243,36,682.600505
496.4594,40,682.825755
492.826896,40,683.049317
470.971888,38,683.267827
515.302561,41,683.498138
454.174829,37,683.708916
507.824457,47,683.975588
480.225165,40,684.200452
497.062382,39,684.420275
452.04827,36,684.623337
458.921612,38,684.837559
516.279024,42,685.073101
484.780627,41,685.305199
507.743174,42,685.543907
508.49652,41,690.595237
502.916448,40,690.816529
506.385363,42,691.051906
483.983759,40,691.273932
488.192846,41,691.50012
505.7814,41,691.728167
441.656417,36,691.927558
465.143385,37,692.132688
442.10869,36,692.333141
473.97778,36,692.532912
518.239242,44,692.77664
505.410781,43,693.014762
503.443464,42,693.246585
483.445711,40,693.468079
491.110097,38,693.678141
491.042519,41,693.905872
473.788049,39,694.121745
490.885702,39,694.339554
525.461597,42,694.570482
486.492983,42,694.800753
511.498976,42,695.034534
468.086756,39,695.250191
503.555992,40,695.473626
458.924327,37,695.67918
460.226657,38,695.890174
482.308277,40,696.113113
460.420324,38,696.321598
481.325521,36,696.523515
519.621475,43,696.761363
491.113621,41,696.98835
477.021181,36,697.186495
465.704944,38,697.395438
469.265952,39,697.617285
502.081348,40,697.839315
525.272902,42,698.070647
530.8346,42,698.301049
515.549561,40,698.523627
479.016904,38,698.734975
480.005014,40,698.954824
474.702016,37,699.159088
489.932562,39,699.374554
494.319766,38,699.5855
500.319328,42,699.815471
481.106788,40,700.034331
474.611341,38,700.250167
447.096455,38,700.462743
458.978486,44,700.708773
456.8173,36,700.908239
499.237361,39,701.121472
465.195661,39,701.336979
492.463182,40,701.558798
445.000151,37,701.764578
488.757831,41,706.896849
487.680757,37,707.10448
459.714241,38,707.316888
480.804958,42,707.55439
488.311117,41,707.783357
485.914109,40,708.007082
449.038723,37,708.213382
522.128297,42,708.449024
462.79988,38,708.66342
499.67786,40,708.886478
545.351011,43,709.12801
484.669027,41,709.357327
508.131164,39,709.574328
467.930169,39,709.795783
440.351654,36,709.997032
466.425341,38,710.209038
501.92074,42,710.44536
504.997126,41,710.675284
503.076464,40,710.899722
459.142841,38,711.112926
488.292039,41,711.343089
497.664694,41,711.573013
473.531505,37,711.779921
447.650409,37,711.986568
451.923743,39,712.205207
474.102805,36,712.407029
461.556881,39,712.635051
488.931257,43,712.875418
471.268064,39,713.094678
509.392092,43,713.335772
471.636392,38,713.54827
471.154855,38,713.760344
465.281275,36,713.961379
529.628963,43,714.206129
456.924746,40,714.430392
460.47938,39,714.648396
501.474779,42,714.881917
470.364114,39,715.099131
462.885168,40,715.321468
475.287093,38,715.534361
485.483466,40,715.758067
451.808732,37,715.964674
486.638529,41,716.192927
478.860626,39,716.410673
461.761734,38,716.622444
452.814605,37,716.832193
480.567203,44,717.078007
449.695063,38,717.289806
486.418984,37,717.49711
491.330676,42,717.732555
492.320222,40,717.956231
462.644502,38,718.170239
483.693702,43,723.673702
450.411904,37,723.880156
495.345509,41,724.112259
444.640654,36,724.313284
444.815389,36,724.515405
504.647626,42,724.751164
533.208984,42,724.986447
498.767152,38,725.199225
507.823387,40,725.422773
495.439853,39,725.641532
449.512707,37,725.850319
511.171324,43,726.091041
489.691477,43,726.330178
473.788129,39,726.547412
485.186191,40,726.771976
487.646782,41,727.001626
470.318251,43,727.241798
441.652827,36,727.443727
463.478082,38,727.656669
507.212999,42,727.891532
500.763126,39,728.109257
537.958933,42,728.343395
485.984305,38,728.558424
519.470952,40,728.783448
511.387027,40,729.01006
490.479094,40,729.235838
478.036893,37,729.443305
456.962337,38,729.658086
460.00741,38,729.871315
493.79815,38,730.085041
456.960743,37,730.293879
529.78548,42,730.531384
527.490046,43,730.77532
477.485772,39,730.993348
495.0309,43,731.236426
513.822018,43,731.477032
496.652999,42,731.711344
467.257541,42,731.947301
500.27511,46,732.205724
508.760907,43,732.448756
524.532081,43,732.69044
466.780067,39,732.910339
471.393069,39,733.128458
442.61587,36,733.331704
505.651686,39,733.550753
471.342206,41,733.78254
482.938164,45,734.035286
496.913564,42,734.272634
474.292016,42,734.50935
479.148146,40,734.734556
502.065735,39,734.95542
438.443246,36,740.007813
489.25331,38,740.221609
464.620639,37,740.429325
470.021562,40,740.659682
512.319001,41,740.89086
504.519579,42,741.127474
472.841316,39,741.347944
482.689593,41,741.580058
480.089341,39,741.798716
482.128952,46,742.058103
454.505856,36,742.260068
470.171877,39,742.484604
475.026428,39,742.706969
496.990354,41,742.936278
491.088974,41,743.168185
457.850642,38,743.381682
445.879048,36,743.585188
496.479505,43,743.82662
451.281917,37,744.034865
490.817432,42,744.272438
526.444251,43,744.513933
512.45078,40,744.737541
534.03695,42,744.974828
507.202718,42,745.211292
525.695517,43,745.453312
500.309995,40,745.676702
494.627144,43,745.918664
494.396309,42,746.15856
462.980236,38,746.372488
490.950587,38,746.587087
518.250487,43,746.82841
471.171262,36,747.031686
473.133613,41,747.26351
491.113633,37,747.471813
487.925291,42,747.70913
468.772158,39,747.928576
502.295356,43,748.171528
449.008364,37,748.380369
491.402287,39,748.604582
463.447932,39,748.8238
504.852241,43,749.066223
497.330735,41,749.297574
473.668426,40,749.52272
442.53611,36,749.724832
467.695189,37,749.933398
517.536169,40,750.159694
496.776276,41,750.390115
477.486228,38,750.605969
510.141587,43,750.847625
461.739036,40,751.072951
506.741997,43,751.314444
475.988982,41,756.541292
486.830925,39,756.761573
489.217632,41,756.992458
471.987632,39,757.20953
458.382085,36,757.409315
477.800575,36,757.608419
478.899258,40,757.831436
469.048098,37,758.037048
466.20079,37,758.242838
451.506653,38,758.458136
462.842093,38,758.680497
533.175429,43,758.920601
479.114899,39,759.13751
492.498091,41,759.366096
470.310328,37,759.573954
485.545783,37,759.781064
487.734113,38,759.993208
442.471418,38,760.203803
477.022661,36,760.405062
509.153378,43,760.645515
513.503478,41,760.874931
462.152159,38,761.08627
462.784724,38,761.298472
463.260716,36,761.499354
507.876795,42,761.732584
496.869005,42,761.968772
459.207092,43,762.210072
509.458528,42,762.4431
497.406433,41,762.673909
486.193085,38,762.886762
522.638092,43,763.128413
490.708873,40,763.352309
461.090436,36,763.553956
489.488379,41,763.782873
473.956551,38,763.99495
472.126774,39,764.214105
484.509874,37,764.420686
449.693523,36,764.621632
473.409218,38,764.832254
511.125872,40,765.055691
472.065211,37,765.264021
505.696121,41,765.492004
526.313589,42,765.727275
478.314067,40,765.950358
498.292189,42,766.185225
513.654017,41,766.414709
451.373715,36,766.614814
507.117881,42,766.849444
538.316721,43,767.089224
485.098931,39,767.307398
479.091055,40,767.529589
498.640332,40,767.751949
508.210821,41,772.918925
508.480971,42,773.155239
462.894399,37,773.361544
447.85805,37,773.570529
463.06374,37,773.776592
522.003185,41,774.007077
498.091808,41,774.236951
511.310492,43,774.476215
453.05408,38,774.688004
470.033112,38,774.899692
458.946215,38,775.112981
469.052597,38,775.326076
461.940399,39,775.546727
509.047826,41,775.775865
487.285804,41,776.004797
508.282538,41,776.236233
460.41655,37,776.443384
468.873437,38,776.657559
487.75962,41,776.889038
440.095087,37,777.097978
482.876176,37,777.304796
452.014026,36,777.506326
485.861401,41,777.736816
504.988006,46,777.994809
475.835923,39,778.214446
487.314886,41,778.444826
485.909129,39,778.66719
485.912107,41,778.89963
506.459291,42,779.138248
495.518002,42,779.374115
524.091288,42,779.610988
482.523957,40,779.836092
458.358933,38,780.049758
479.458607,37,780.256615
457.106134,37,780.465218
520.80281,41,780.696465
468.182083,36,780.899529
507.566337,42,781.139163
491.765552,39,781.360363
498.692441,42,781.595293
488.364122,38,781.808437
484.247113,41,782.039464
483.218759,40,782.263561
482.734485,36,782.465235
500.82052,42,782.700796
525.355695,43,782.941252
471.099626,38,783.154891
479.258516,43,783.40002
491.120256,40,783.625184
484.316194,41,783.856071
516.975627,40,784.080783
497.377252,43,784.322052
493.26556,42,789.656237
510.077187,39,789.87106
521.288388,41,790.097934
489.822237,39,790.312367
490.446882,47,790.572694
486.570478,41,790.799265
436.730998,36,790.996534
510.084553,40,791.217937
447.427108,36,791.416958
471.062534,38,791.62722
461.558958,37,791.829828
469.956149,39,792.044913
465.974307,38,792.25238
511.402379,42,792.481173
516.425378,41,792.706004
443.68686,39,792.917301
478.294879,39,793.130704
491.116335,37,793.336117
496.68827,40,793.55642
492.245177,40,793.774677
468.563232,37,793.979654
490.376937,43,794.216048
463.302689,37,794.422121
455.439036,37,794.627444
458.437133,37,794.830323
501.602731,39,795.043985
528.829104,42,795.276446
484.497754,37,795.482594
460.316409,36,795.680651
507.018682,40,795.902745
469.837508,39,796.116982
489.473702,41,796.342448
477.407306,39,796.556482
509.140274,42,796.787456
464.770934,40,797.009576
524.687903,43,797.248043
480.053952,40,797.47111
517.922356,42,797.703161
530.061837,42,797.934222
472.492325,39,798.148551
507.234931,40,798.369352
477.772104,40,798.588806
496.058087,41,798.814466
483.570446,41,799.0391
508.292999,42,799.271343
452.243568,37,799.475088
444.037647,36,799.672081
489.292925,42,799.903509
489.107126,40,800.121208
451.343097,37,800.32244
461.559218,38,800.530317
453.53999,36,805.946324
503.936324,43,806.185167
502.092953,42,806.419237
476.086335,39,806.637564
464.132652,36,806.837556
496.847121,42,807.071645
488.004158,44,807.315533
454.58102,37,807.521197
506.402233,43,807.760001
491.245008,41,807.987139
472.527568,39,808.204957
445.752033,36,808.406442
518.018992,42,808.640893
537.048352,44,808.885218
477.806548,38,809.096868
457.885614,39,809.315121
533.189154,43,809.554311
470.75227,39,809.770804
499.016357,39,809.987012
528.260644,42,810.221402
483.484213,40,810.443892
476.867441,38,810.654793
479.624625,40,810.877004
467.910461,39,811.093773
475.279392,39,811.310193
514.197315,45,811.560218
477.13889,39,811.777514
501.453251,39,811.996475
460.469168,37,812.202844
505.910369,43,812.442157
448.585894,36,812.643382
525.955998,41,812.87219
468.175943,41,813.103785
453.167982,36,813.305102
453.416289,37,813.511824
469.414177,38,813.727297
508.844262,42,813.960947
528.537695,42,814.194721
514.997808,42,814.429281
523.246863,43,814.668004
476.626004,37,814.87323
458.027618,37,815.079322
532.073712,43,815.317957
451.679762,38,815.528709
481.898287,41,815.756817
461.01389,38,815.968141
505.417843,42,816.201331
526.108509,42,816.435266
464.636118,39,816.652753
463.284293,38,816.865497
473.364394,40,817.088077
501.681742,43,817.32863
502.348644,41,822.79699
528.86739,41,823.030281
473.945346,39,823.249593
518.691671,43,823.492015
449.980563,38,823.705022
447.781758,37,823.912781
518.931048,40,824.137964
508.880803,45,824.389465
520.688793,40,824.613596
500.766287,39,824.83297
512.684845,41,825.063788
435.934784,36,825.266756
516.675554,45,825.519992
490.41731,42,825.755529
506.456746,42,825.991791
461.153162,38,826.20503
520.880868,43,826.445408
510.53673,41,826.676552
467.819849,39,826.895131
549.62672,43,827.138317
476.29106,39,827.364638
493.020302,39,827.583632
513.199678,41,827.813438
475.43036,37,828.021125
475.420426,40,828.24386
481.992785,40,828.469321
470.058092,38,828.683288
485.733917,40,828.905942
456.278597,39,829.123852
502.56892,42,829.359337
505.519301,40,829.583497
493.199499,40,829.80684
498.402333,41,830.03587
480.439258,41,830.265751
456.275153,37,830.472748
500.346865,41,830.70076
534.391415,42,830.935519
475.851898,38,831.146959
487.685286,38,831.361084
492.733042,43,831.601165
441.679963,36,831.802016
494.935343,42,832.039528
478.532274,36,832.24135
512.501957,41,832.471781
507.725949,43,832.713283
456.60155,38,832.928567
483.009947,36,833.131425
460.23708,36,833.335507
507.137234,43,833.575625
504.485728,41,833.806558
457.177365,36,834.010475
482.368316,37,839.310185
451.227283,36,839.515261
456.866223,37,839.721364
521.490334,41,839.949155
457.236182,39,840.166687
489.674394,37,840.374559
492.695924,41,840.605041
531.066156,43,840.843907
506.892305,42,841.079127
450.585715,36,841.282321
445.704721,36,841.483622
486.652069,37,841.691402
518.11252,45,841.943776
467.318486,36,842.148675
513.118436,42,842.382865
447.846558,36,842.582999
477.66781,40,842.805188
481.46569,38,843.017048
479.970866,40,843.24017
494.801543,39,843.457234
518.039641,43,843.699019
467.081004,39,843.916599
502.587803,43,844.161037
515.542581,44,844.406178
446.338242,38,844.617935
460.774462,36,844.819525
514.821982,45,845.07423
475.224815,40,845.296286
449.809429,37,845.503479
501.56608,42,845.738817
507.34405,41,845.967252
515.493738,45,846.218374
515.172761,41,846.446294
463.154741,38,846.658109
505.760131,43,846.898824
472.0902,39,847.117454
478.253981,37,847.323355
442.009648,36,847.524024
526.767081,42,847.758093
433.634882,41,847.986428
466.439417,37,848.193106
492.164917,41,848.421394
484.581533,38,848.636366
493.279468,41,848.867346
494.432718,41,849.095822
488.568833,38,849.307721
489.550151,37,849.514392
491.192626,41,849.742534
540.061115,42,849.975378
530.418047,42,850.212425
455.064249,37,850.423806
533.433363,42,855.250676
443.394819,37,855.458169
493.820147,38,855.670096
496.437681,38,855.881137
540.184099,43,856.122689
495.176812,41,856.350669
462.944956,38,856.56564
496.746817,41,856.793474
493.790538,40,857.01556
505.493787,41,857.244595
461.404241,37,857.449523
472.71151,37,857.654782
503.787093,42,857.887987
503.840561,43,858.126704
514.098102,42,858.359295
482.107219,40,858.581318
456.752887,37,858.786784
452.007803,36,858.987776
455.593951,37,859.194215
456.950521,36,859.394319
524.118983,42,859.627202
515.366901,40,859.849576
527.669263,43,860.090355
490.014419,37,860.295574
472.820733,36,860.494987
482.607964,41,860.722412
520.543769,41,860.950982
490.189589,41,861.178796
462.003138,37,861.384302
516.818466,42,861.619919
477.635705,38,861.832417
497.530695,42,862.066746
505.336682,41,862.294496
502.893552,43,862.534473
501.549448,44,862.778952
473.623466,38,862.990255
494.719805,42,863.223162
505.865481,41,863.450236
502.600793,39,863.668103
498.700672,42,863.902037
457.547301,38,864.114161
521.203969,43,864.352154
489.071769,39,864.569682
457.693436,45,864.819747
491.012886,49,865.09176
484.752276,43,865.334833
471.726889,38,865.551396
488.545193,39,865.768724
459.334448,37,865.974706
507.971626,42,866.207979
524.643886,42,866.442048
508.92386,43,871.972947
505.189337,41,872.203491
489.285642,41,872.433432
488.047394,38,872.648119
446.004605,37,872.855204
459.712474,37,873.061499
475.023064,36,873.267853
479.215717,40,873.494317
509.612792,43,873.735158
480.143448,41,873.9663
496.703738,42,874.203017
450.210554,37,874.411731
506.435344,40,874.636428
494.036813,41,874.867077
496.442931,38,875.080227
521.822797,42,875.317255
451.88179,37,875.524755
492.937919,41,875.75575
527.571164,43,876.001135
468.648923,39,876.22039
516.506508,43,876.462831
496.089214,42,876.700118
477.45373,39,876.919007
485.882921,41,877.15123
497.527303,42,877.388278
466.572348,38,877.602008
486.201089,41,877.83173
519.528056,43,878.07627
508.324631,42,878.319395
471.458797,39,878.541072
500.774342,41,878.772983
493.554083,41,879.006326
482.905486,41,879.236098
477.810655,37,879.445253
532.615681,46,879.702926
451.738124,40,879.927481
503.457499,42,880.164003
496.637598,40,880.389243
488.094983,38,880.602139
447.758634,36,880.804291
483.64447,40,881.028765
452.951931,36,881.231153
503.783013,41,881.461763
498.350354,42,881.697479
482.574256,40,881.921684
488.494531,40,882.147118
509.492941,40,882.37144
488.928937,42,882.60797
519.012124,42,882.843156
505.977615,41,883.074219
517.285611,42,883.309821
485.800676,40,888.812535
461.231165,39,889.033723
500.658617,43,889.275813
468.499793,36,889.477971
487.317795,39,889.698128
490.502212,40,889.92227
480.571848,37,890.129267
487.303362,39,890.348323
490.042207,39,890.566803
527.016636,42,890.802273
461.806008,38,891.015488
468.419411,36,891.217994
472.829264,39,891.435759
475.402663,38,891.649033
451.987723,36,891.850792
509.292821,43,892.09101
454.074713,37,892.298064
496.455842,42,892.533315
487.932537,41,892.762631
458.178201,38,892.974343
506.299911,42,893.207946
461.367871,38,893.419709
500.69957,41,893.648101
485.320246,41,893.877204
470.558046,39,894.095581
547.267737,43,894.335047
441.371134,36,894.538188
498.363534,40,894.761884
450.378164,36,894.96242
478.577853,40,895.185627
513.746942,43,895.42574
475.464756,39,895.644378
493.310417,41,895.875475
460.308213,37,896.082762
464.908706,37,896.29481
456.248471,37,896.506292
477.303268,40,896.72992
507.345703,43,896.969455
495.013898,42,897.202538
461.313201,38,897.41419
501.681673,40,897.638771
458.571075,38,897.850499
458.02626,36,898.051205
451.935072,40,898.274447
511.136624,42,898.511895
487.251477,39,898.724011
474.542761,40,898.942441
527.658391,43,899.176002
456.425578,37,899.376859
485.318177,39,899.587264
489.886053,41,899.809301
507.506063,39,900.025574
