#{"t_start": 1774404953.6770563, "env_id": "None"}
r,l,t
-199.325484,72,1.179718
-236.968244,162,2.057482
-234.714966,142,2.834535
-254.623981,172,3.773295
-189.467219,60,4.099511
-219.039535,64,4.450602
-220.617041,128,5.154179
-284.46907,214,6.313462
-246.680045,170,7.245661
-241.378423,149,8.058757
-213.913838,141,8.830362
-418.004743,505,11.575591
-175.281911,48,11.835787
-357.538132,628,20.712056
-234.02772,558,23.803041
-68.016912,379,25.901015
-249.933922,222,27.13138
-162.50409,692,36.274982
-48.163405,372,38.347843
317.103938,402,40.593876
235.036174,507,43.4115
-46.294787,333,45.243443
351.400048,354,52.408709
39.821329,298,54.064117
284.955638,453,56.581311
153.751004,207,57.727138
-164.444723,900,67.336152
376.026252,209,68.491241
323.988519,280,70.04405
331.950767,258,71.477301
425.840036,204,72.608796
420.928559,211,73.778087
373.547974,224,75.021346
366.516585,332,76.867328
441.920592,161,77.757815
431.561759,160,83.699189
433.128875,151,84.537543
413.024403,201,85.660203
417.152545,158,86.537926
435.058368,172,87.494586
387.304596,235,88.800506
355.768822,328,90.622668
456.142285,162,91.521471
409.207363,183,92.537871
432.153488,159,93.422889
428.993902,195,99.71089
417.472108,118,100.364727
485.136917,118,101.025612
432.397774,131,101.75577
392.263844,233,103.049749
410.853916,111,103.666363
440.872997,101,104.228014
441.418166,97,104.770029
460.938702,116,105.415219
451.123115,110,106.02729
464.573021,126,106.729376
408.099383,159,107.6175
384.079994,216,108.826809
376.266093,242,110.175462
426.87064,116,110.818903
477.105282,110,116.341695
493.513884,111,116.956756
400.086667,109,117.563756
451.176467,129,118.281697
452.490768,138,119.046829
421.096945,95,119.572236
451.529119,144,120.372183
465.899182,95,120.898415
410.492624,126,121.599948
480.991695,114,122.23335
478.114317,109,122.839443
468.439801,117,123.492635
446.257582,108,124.091318
497.810233,115,124.730129
459.519213,106,125.320608
384.80649,168,126.252434
417.04403,154,127.107862
449.878786,132,132.583623
457.383269,84,133.036889
413.855571,112,133.639475
460.607884,136,134.367074
430.674633,108,134.953066
449.204012,86,135.414146
426.250355,107,135.98969
465.201064,73,136.388331
453.027648,100,136.926157
412.203844,122,137.582121
474.003218,131,138.283598
465.749547,124,138.961082
496.531932,106,139.537056
432.430194,98,140.073846
429.798469,108,140.668828
449.733583,155,141.511964
474.119123,91,142.013276
484.693245,92,142.518531
420.27788,93,143.026886
463.461621,90,148.671165
393.431008,159,149.559185
467.167006,121,150.232258
446.157051,81,150.68154
421.24877,110,151.294719
457.885073,106,151.883306
464.385375,90,152.382189
460.153036,140,153.160899
443.914956,124,153.849565
460.358674,102,154.425252
453.095929,131,155.152183
458.464337,131,155.877643
463.213893,99,156.427976
457.040983,110,157.041217
439.519512,78,157.473607
437.285687,111,158.090934
453.042278,100,158.646356
439.230056,94,159.1698
507.2079,84,159.635604
460.537859,130,165.197939
450.225314,82,165.654398
443.139218,85,166.127542
404.157027,134,166.872274
458.039335,92,167.383903
442.265912,111,168.001817
440.832461,83,168.466361
461.490781,102,169.034795
491.622717,108,169.634771
472.985203,87,170.117999
444.629274,87,170.602309
473.281279,80,171.047408
477.937233,106,171.635556
426.660357,84,172.102223
424.246503,102,172.668003
472.508112,68,173.047816
424.288743,87,173.531744
429.465577,87,174.019869
489.221141,83,174.480288
452.62966,117,175.130674
457.506768,96,175.666801
500.526912,98,181.621458
448.149407,73,182.028462
434.642371,86,182.507834
422.256572,73,182.914956
493.131259,74,183.328371
458.303614,71,183.726448
495.186292,84,184.199112
491.226548,98,184.747182
460.329079,76,185.173056
488.212531,91,185.680918
425.853382,80,186.128823
472.833333,93,186.647961
484.568936,80,187.097234
488.59595,66,187.463963
471.396218,66,187.833078
429.243463,75,188.252089
485.791384,100,188.807739
463.195169,72,189.208553
462.320794,84,189.680636
467.65911,84,190.147854
466.843112,87,190.632372
478.103181,83,191.093361
446.322649,109,191.698265
470.355189,77,192.127418
472.375556,83,192.587704
481.333237,76,197.658224
446.754532,64,198.006441
463.736298,104,198.571285
515.480553,86,199.038437
451.881287,65,199.388183
480.466589,93,199.891057
489.419555,76,200.305788
507.486685,83,200.77779
418.167589,90,201.272654
443.179777,59,201.594107
446.461767,68,201.9661
459.606872,83,202.419815
415.733009,77,202.839134
453.980698,83,203.292081
454.468958,64,203.641593
464.465244,65,204.003207
445.181666,75,204.412478
442.842466,79,204.844008
475.424849,84,205.305388
468.285532,92,205.80854
432.597465,87,206.282926
488.718483,64,206.630252
478.178824,95,207.149684
437.101163,64,207.497669
460.953274,57,207.807506
505.127373,89,208.302481
438.394212,78,213.847799
451.754628,98,214.394412
478.518885,94,214.917565
510.934158,84,215.38741
467.772387,75,215.804897
470.864142,70,216.195645
481.276774,81,216.647045
473.194376,75,217.068087
442.259122,73,217.476888
492.92544,68,217.856615
505.00781,92,218.369852
436.107473,72,218.77039
468.122746,62,219.118086
475.727101,85,219.590679
462.776519,71,219.990219
496.738062,60,220.324203
469.323375,72,220.724861
428.812754,104,221.304157
478.265519,119,221.968951
476.41526,67,222.34263
490.336004,70,222.73627
436.870514,75,223.157948
474.331551,84,223.636042
485.075308,75,224.054563
424.954858,61,224.394582
435.503351,75,224.815444
489.097949,59,225.144641
461.768224,71,230.384204
421.340218,65,230.744851
454.077095,85,231.218119
440.010506,77,231.646768
462.488189,53,231.941883
466.788586,52,232.232645
472.869097,72,232.634938
496.310905,67,233.007036
444.608453,71,233.401722
485.191983,65,233.764079
506.811858,70,234.15695
451.934106,59,234.485733
438.546877,80,234.93115
446.724141,100,235.489653
455.157071,61,235.835053
461.214367,51,236.118833
466.193148,114,236.746876
476.153992,77,237.170042
443.82362,58,237.485836
501.804979,74,237.89346
496.078693,71,238.281688
481.163983,56,238.590529
466.029778,62,238.935312
473.918114,67,239.307005
471.418186,61,239.640203
446.259053,58,239.95745
440.510568,62,240.298306
450.455806,51,240.577119
460.416098,65,240.932154
489.768413,67,241.297791
479.119323,74,246.75007
442.306814,58,247.072771
466.66175,61,247.412215
443.957406,77,247.841497
468.74563,77,248.268944
516.401493,74,248.679631
470.478551,57,248.995563
497.68966,63,249.34547
492.694264,82,249.805186
492.983283,82,250.263954
487.825411,59,250.593423
457.378255,55,250.89797
510.709292,57,251.21397
484.373018,60,251.547885
481.304192,61,251.886637
500.808138,65,252.248144
465.405823,54,252.548084
479.808357,52,252.841432
457.128588,70,253.229918
472.902492,70,253.619974
476.480369,51,253.904013
460.235039,68,254.281232
496.840814,72,254.682312
452.134577,66,255.049337
518.132914,72,255.448537
432.717661,63,255.800897
504.947806,68,256.180658
487.536013,53,256.476329
469.754629,78,256.910569
454.210126,69,257.294419
487.26681,75,257.710507
445.878586,65,263.185165
493.166607,59,263.517975
474.389345,47,263.780149
477.149807,68,264.158589
471.921114,60,264.491316
456.489088,51,264.775206
500.832682,71,265.170201
468.478051,62,265.516462
445.907668,74,265.936376
506.05905,53,266.23081
490.241211,73,266.642626
494.590628,62,266.991371
430.336328,57,267.308189
503.599206,68,267.687489
482.27074,57,268.009138
466.068459,58,268.333146
491.541626,62,268.680657
467.604909,73,269.088331
487.332304,53,269.384698
527.774194,66,269.764472
439.70509,53,270.064316
498.434897,67,270.440874
478.243407,50,270.724262
471.191812,57,271.043244
480.684769,52,271.331763
486.777056,51,271.618246
452.036138,48,271.886963
464.365509,75,272.309713
476.338952,59,272.639367
463.401419,54,272.942011
491.249113,59,273.271905
492.582027,68,273.652808
439.648418,53,273.949858
423.832653,63,274.301125
477.87413,52,279.94348
440.24652,51,280.226827
476.869413,53,280.520102
487.12439,64,280.87324
495.561999,60,281.207497
493.210781,62,281.552456
463.23026,51,281.834837
492.24833,74,282.251728
507.14681,61,282.594368
450.670958,54,282.89753
437.402966,64,283.257183
530.131144,62,283.5996
473.487231,66,283.965553
449.497717,53,284.256557
520.929109,63,284.602837
487.366424,73,285.005874
496.752797,60,285.335782
505.308154,54,285.635987
475.031,52,285.923574
479.024237,55,286.228255
456.333844,63,286.576567
464.163264,51,286.857625
470.644735,66,287.225354
481.047574,51,287.506542
501.919618,66,287.867726
500.327785,70,288.255158
494.962214,78,288.689657
491.723019,65,289.044728
437.617804,58,289.361405
430.415996,50,289.635105
465.676285,51,289.918072
451.399643,54,290.215502
483.661796,76,290.639436
440.508679,52,290.924014
484.656495,47,296.341517
458.432078,49,296.614998
452.047988,68,296.995651
467.876239,57,297.314765
466.88992,52,297.606249
486.262301,53,297.90286
485.840053,64,298.259679
458.108774,52,298.548855
509.111654,55,298.855118
454.126854,44,299.101156
500.237157,58,299.42508
448.51839,48,299.695187
477.478062,53,299.994699
480.651426,78,300.432065
518.22195,61,300.772369
473.309038,48,301.039375
453.357347,60,301.373222
515.194292,62,301.719352
501.451871,51,302.003478
495.398182,70,302.3941
478.003038,50,302.672721
466.146161,47,302.934325
450.712849,47,303.198078
490.386947,52,303.489087
451.61815,56,303.801043
486.1813,51,304.085424
459.663838,92,304.598739
468.210358,62,304.945164
473.560922,47,305.21018
455.481267,44,305.45638
467.2265,59,305.784466
465.988476,72,306.185762
511.919562,55,306.49334
445.66673,44,306.739002
506.443752,57,307.057097
471.033055,52,307.345463
502.666572,55,307.651225
498.254967,56,312.95463
471.163082,48,313.223184
501.909981,58,313.54776
441.857804,47,313.808908
523.064801,67,314.181731
432.812622,49,314.453861
467.561021,53,314.748026
461.404564,44,314.995872
475.045926,47,315.258607
437.46371,48,315.528413
481.61488,54,315.840828
483.435249,58,316.165972
482.318215,51,316.449326
480.168602,56,316.764043
473.367562,45,317.015219
504.602543,58,317.339126
471.463068,54,317.642532
467.311639,65,318.005162
458.570418,50,318.285528
499.364335,51,318.573171
443.219922,49,318.84871
428.783611,65,319.211312
425.034441,63,319.560805
433.404253,65,319.923054
489.831158,55,320.228021
468.795135,56,320.539902
512.534382,52,320.829848
514.700794,60,321.165883
512.313042,51,321.450318
453.604579,47,321.715873
505.560916,52,322.005911
519.64878,60,322.339975
512.32157,52,322.629407
502.905472,57,322.946264
522.307094,54,323.246154
488.855858,58,323.568877
480.679868,53,323.862996
533.789675,53,329.442265
525.90414,52,329.731123
481.698465,56,330.043404
467.263747,48,330.309062
490.534248,64,330.665739
499.490447,51,330.949573
515.53848,55,331.253836
487.586089,50,331.531301
461.300559,52,331.825879
493.658341,46,332.083158
485.97013,53,332.377385
472.720665,61,332.719253
476.91384,53,333.013656
468.520857,47,333.274053
524.113113,57,333.592133
513.945283,51,333.875195
445.906836,50,334.154087
448.049119,50,334.427514
458.129755,46,334.68479
502.140348,53,334.973957
489.745353,57,335.290758
488.89837,51,335.571261
488.814336,55,335.874666
488.762015,49,336.143258
512.80752,54,336.438079
435.171153,45,336.68435
515.17797,47,336.943324
533.215215,67,337.309651
446.39759,45,337.558357
490.861625,57,337.867456
531.291467,53,338.163111
455.241879,50,338.443301
494.265142,46,338.705248
474.240945,47,338.973368
502.634378,48,339.240557
506.502353,56,339.550662
495.459807,49,339.823105
498.491876,46,340.079268
481.120566,62,340.423418
468.210431,53,340.718495
452.00278,52,346.219554
483.976126,50,346.497818
490.274514,63,346.852858
489.51337,48,347.12129
466.169858,44,347.366286
442.241005,44,347.612264
439.597294,47,347.875432
471.070572,46,348.130849
440.266416,41,348.359119
481.062915,49,348.63372
469.643679,44,348.878102
496.656679,46,349.136235
467.956299,44,349.381615
511.73476,49,349.65443
499.97073,48,349.921837
454.173333,63,350.273529
489.060444,46,350.528448
482.244105,42,350.764503
494.200881,48,351.032498
448.822519,49,351.306247
484.075078,47,351.567996
485.333437,46,351.828386
468.590916,52,352.117253
462.658336,45,352.368365
474.54513,52,352.659137
476.362183,53,352.955303
480.973647,47,353.216947
511.646574,58,353.540379
477.956412,50,353.819546
489.3231,54,354.12334
493.896661,52,354.412706
459.065106,46,354.671196
466.576833,78,355.107667
500.292772,54,355.407535
439.924186,39,355.624476
493.064831,49,355.897747
489.621554,44,356.147899
436.984492,40,356.373052
458.267176,45,356.62454
480.130161,48,356.891375
488.317368,52,357.180663
522.052958,48,362.548307
471.935326,48,362.815917
500.426977,47,363.077383
474.877032,47,363.338874
444.719346,42,363.571934
483.212494,69,363.957291
486.752855,48,364.225289
480.581548,44,364.470357
467.599706,45,364.721454
482.243235,43,364.960718
466.188506,51,365.24697
509.468131,52,365.541778
486.043629,43,365.781612
452.226672,42,366.015392
486.449631,52,366.304765
470.221281,43,366.544933
465.5358,44,366.78931
482.598727,47,367.050562
500.064682,46,367.306578
521.451668,52,367.596228
498.581056,54,367.899
469.563568,45,368.15048
460.691559,42,368.386209
529.625889,53,368.683228
481.434369,45,368.933892
469.087222,46,369.190829
440.308973,43,369.431191
483.44626,52,369.722466
454.25229,47,369.984678
494.585876,63,370.33532
496.027455,46,370.591326
485.372857,48,370.857983
462.485494,51,371.145339
456.834915,47,371.408136
445.723427,43,371.64781
468.089015,43,371.889315
475.462745,44,372.134877
491.382916,46,372.390562
489.505075,61,372.730566
537.745803,50,373.0098
449.506861,41,373.239762
484.870122,47,373.502297
462.026628,46,373.762722
485.645997,53,379.071779
497.519767,48,379.340053
471.350438,45,379.592348
443.748491,43,379.832765
458.959728,46,380.088835
497.400734,51,380.372576
478.843557,48,380.639968
511.424782,46,380.89464
445.878047,54,381.194927
460.91214,44,381.438329
472.755918,41,381.666598
474.781285,45,381.916633
439.991738,41,382.147236
445.514233,40,382.370522
473.70874,45,382.62134
478.374183,46,382.87715
454.856559,45,383.127161
496.480359,51,383.411278
496.318376,46,383.668154
466.920245,43,383.909477
498.555301,48,384.179564
467.200556,41,384.411352
472.701775,45,384.658817
493.667541,46,384.924748
472.521684,58,385.248745
506.570138,52,385.538045
495.315332,52,385.827201
443.038554,41,386.056831
523.93364,47,386.3184
476.817237,45,386.56995
460.570262,41,386.797944
486.191581,45,387.048262
443.770795,46,387.303138
466.783635,40,387.527618
471.585896,44,387.773242
473.071929,49,388.047125
495.859599,54,388.348191
538.462107,50,388.626068
461.495017,44,388.871968
467.837866,42,389.105693
517.429477,50,389.384951
445.103551,55,389.691426
485.21258,46,389.948344
493.857784,44,390.193017
514.903841,47,395.431127
469.852203,43,395.67099
493.450335,44,395.915874
467.764556,42,396.149062
477.076181,44,396.393264
469.318392,44,396.637923
459.09509,41,396.866436
479.792592,48,397.132639
469.011229,52,397.421039
515.438852,48,397.686758
471.887246,49,397.963738
484.928131,42,398.199396
473.665105,43,398.439439
487.316944,44,398.685698
513.960836,49,398.958934
523.419128,47,399.22143
465.635836,41,399.449244
435.258954,42,399.683411
486.352009,43,399.922451
462.765371,38,400.137948
474.13192,44,400.383578
480.008323,45,400.633296
523.207392,51,400.91887
472.300509,44,401.163161
533.706225,46,401.421463
449.47121,43,401.661721
506.130401,51,401.946369
462.219063,44,402.191864
454.941738,40,402.416597
473.824632,39,402.634472
530.873423,50,402.91358
490.26436,44,403.161206
481.477774,47,403.425106
509.546161,48,403.692392
492.943126,51,403.98082
452.958479,42,404.215801
492.908957,46,404.476887
466.926233,45,404.729773
478.939779,44,404.975278
440.138614,39,405.193107
522.257986,49,405.46739
526.180315,46,405.725734
478.428236,53,406.020357
487.389058,43,406.26249
496.65039,46,406.519948
502.454179,46,406.77683
515.19321,44,412.177856
477.495194,43,412.415065
475.221226,44,412.660288
446.187932,40,412.883504
458.310521,40,413.104193
522.298859,49,413.377475
489.549144,41,413.605027
513.553374,43,413.844275
509.10974,47,414.104051
490.91543,44,414.346859
439.807012,48,414.612422
504.326438,49,414.88379
443.926689,39,415.101623
475.168589,40,415.322637
457.79786,41,415.550926
489.659596,45,415.798723
500.462297,48,416.064819
434.334648,42,416.299345
499.716972,43,416.540785
465.160349,39,416.759243
442.717112,38,416.970159
471.940218,43,417.205836
478.377242,40,417.426899
493.704181,45,417.675725
485.352659,40,417.895509
481.45911,43,418.133078
464.919052,46,418.389328
480.152563,50,418.666789
451.423835,45,418.917006
499.850407,41,419.144475
480.349437,42,419.378684
505.604002,45,419.628372
469.125874,52,419.91547
461.246617,39,420.129967
482.57252,44,420.377279
441.838024,39,420.597673
500.705217,45,420.846779
482.346932,42,421.080809
493.508829,54,421.380398
483.048438,44,421.625413
502.309827,58,421.949743
518.595703,42,422.184179
463.801435,44,422.429736
505.271803,42,422.663962
439.860689,39,422.880956
437.345705,40,423.106166
510.80881,45,428.139036
532.176111,48,428.411441
453.752263,39,428.628667
483.194198,49,428.901308
485.065198,41,429.129691
452.185342,39,429.348438
494.614814,43,429.590628
493.311975,57,429.907223
497.678475,43,430.146595
469.308648,52,430.435962
533.195688,45,430.687725
441.004173,37,430.902354
502.769417,43,431.141418
469.673382,44,431.389132
461.26922,45,431.6437
487.652807,44,431.889341
442.492794,41,432.118285
474.528269,39,432.335793
505.145411,44,432.580628
489.669415,40,432.804095
459.126979,43,433.045684
527.190757,47,433.30811
464.824729,40,433.530883
495.26848,44,433.778008
506.959264,44,434.023758
489.172547,42,434.258517
512.32582,46,434.515006
428.642113,47,434.776552
488.367693,44,435.023566
491.357655,45,435.274956
456.45482,48,435.547859
472.889222,40,435.771146
447.95533,40,435.995473
474.994062,60,436.330874
525.155763,50,436.609558
494.46032,47,436.872019
465.051258,42,437.109357
513.505807,47,437.369747
494.741608,44,437.614577
514.692982,45,437.865467
452.629464,40,438.087379
495.136393,42,438.32066
469.610728,44,438.567974
493.249457,44,438.807295
505.985253,44,439.045964
496.393869,40,439.263878
475.911912,45,439.508698
467.719443,39,444.88621
520.75347,48,445.154749
538.081075,47,445.417284
468.215617,45,445.667843
482.426297,57,445.985605
500.37911,42,446.219124
467.794236,45,446.471494
501.130766,48,446.740244
492.696911,45,446.992985
481.527912,42,447.228182
477.382922,44,447.473763
467.556975,40,447.696365
504.992061,45,447.946747
460.167418,44,448.194848
457.338923,39,448.412011
495.824847,43,448.652975
466.286164,40,448.877459
479.082486,42,449.11294
468.944868,45,449.364338
494.619687,45,449.615841
502.341212,46,449.874905
458.179842,39,450.092376
442.854353,38,450.308709
475.142339,47,450.573387
509.513665,45,450.825511
504.413921,42,451.061078
495.339947,39,451.279978
528.988549,47,451.541782
489.306155,41,451.770589
525.15578,46,452.029395
524.799738,48,452.298036
507.980235,43,452.538101
477.899794,40,452.762885
483.782542,41,452.993218
445.075263,42,453.22946
479.948199,41,453.459382
479.46079,42,453.697777
500.121372,40,453.929379
509.129313,43,454.170206
474.492822,39,454.386769
462.1065,39,454.604514
487.276551,40,454.826962
473.512381,38,455.042348
502.42825,44,455.286787
507.43798,42,455.519968
493.651316,44,455.765098
507.520958,45,456.014749
519.183747,45,461.364054
461.592979,39,461.583266
520.40806,44,461.828367
510.085484,43,462.068317
517.593321,44,462.312863
497.677616,41,462.540327
497.332836,44,462.784061
524.332345,46,463.039884
479.600659,49,463.313354
520.669052,46,463.569078
489.062907,42,463.802292
445.533049,38,464.013901
490.36161,40,464.235688
456.307361,39,464.452109
495.407949,42,464.690834
436.469614,39,464.913538
437.928495,37,465.119492
472.424471,44,465.363115
441.638888,37,465.569352
488.760063,42,465.804109
490.378935,45,466.05669
507.053857,50,466.336611
519.193493,46,466.591948
480.020932,42,466.824479
489.45175,40,467.047776
467.953339,42,467.28098
515.19225,47,467.545443
456.843918,39,467.763736
515.820749,43,468.004168
451.966458,37,468.209905
496.028441,41,468.43802
478.31501,38,468.649214
455.747955,38,468.861196
503.151047,42,469.098401
531.624571,46,469.359117
484.249529,44,469.604557
457.217788,38,469.819146
450.351278,40,470.041241
474.526734,44,470.283357
493.593203,44,470.525
475.823868,41,470.751673
452.185054,50,471.025419
482.552743,52,471.313736
539.770098,45,471.561459
492.756152,46,471.815707
485.418439,42,472.048291
493.695195,43,472.284903
489.888077,44,472.525857
500.034757,44,477.574618
455.911184,41,477.802245
493.85067,46,478.057084
518.861915,43,478.296025
463.897465,38,478.509504
461.655103,45,478.759878
527.926361,44,479.005108
511.086965,45,479.254878
490.653334,43,479.493563
521.874978,44,479.738345
509.014521,44,479.98379
461.085274,39,480.204372
481.648961,50,480.48344
479.161755,44,480.728049
475.355802,41,480.95627
446.631098,39,481.175252
492.824346,42,481.408052
457.822782,44,481.652468
502.777504,47,481.913351
453.727529,43,482.152151
449.787366,38,482.36321
478.826929,40,482.585986
512.934606,41,482.814668
463.92183,44,483.058801
476.071756,43,483.298117
497.88476,43,483.536321
470.614207,41,483.764522
510.662762,40,483.986816
458.674683,38,484.1984
484.952232,41,484.425961
529.361838,46,484.681544
505.425791,45,484.932143
474.347399,41,485.160462
479.074827,38,485.371417
482.801802,43,485.610485
464.52995,38,485.82118
499.277629,46,486.077332
480.118485,47,486.338347
491.906466,43,486.580028
505.515112,41,486.8086
495.758257,39,487.026623
483.407605,40,487.249592
491.647244,40,487.471203
457.717494,40,487.692713
529.057567,45,487.946012
467.136548,41,488.175384
440.695812,39,488.393081
496.214393,42,488.627302
471.013539,38,488.839832
483.172289,40,494.123114
502.154147,46,494.380575
510.009764,44,494.627733
476.774741,41,494.857048
499.61476,43,495.096705
456.68391,39,495.318327
477.727092,42,495.552978
459.943139,40,495.777611
459.732604,41,496.007499
474.030844,39,496.226088
487.157273,39,496.446195
489.085069,39,496.664511
477.291659,40,496.890619
440.412036,37,497.097575
486.105373,38,497.313187
502.915818,43,497.559531
497.401061,48,497.824055
498.586074,43,498.058627
472.223203,39,498.272738
471.395097,38,498.483708
447.977545,38,498.69452
453.443368,40,498.920999
492.656765,40,499.147061
465.635276,42,499.379246
448.847022,38,499.593014
490.350575,42,499.823659
472.780432,39,500.040709
479.381261,41,500.268544
446.463407,37,500.475323
491.945038,42,500.70826
502.973279,48,500.974087
496.449721,44,501.213224
466.163852,40,501.434761
539.31334,50,501.708039
465.948569,42,501.941765
495.960187,39,502.156189
516.276134,42,502.386394
482.133524,40,502.614434
442.127073,38,502.825503
472.938268,42,503.060851
501.763436,41,503.287321
478.25719,42,503.520769
490.157679,40,503.743118
509.370737,44,503.985203
500.682898,43,504.223526
500.293072,41,504.451492
446.299334,38,504.661894
474.077755,44,504.904842
489.316401,41,505.1371
483.74781,43,510.549768
486.41374,40,510.771751
459.500659,40,510.990607
510.696714,42,511.219239
447.994108,38,511.428227
458.15501,40,511.64957
453.332406,38,511.859606
467.110478,38,512.068482
487.183037,42,512.299796
484.328177,39,512.516815
489.672404,41,512.74512
469.016664,38,512.958638
502.934753,44,513.196378
476.849777,41,513.420005
453.161932,40,513.637666
464.818225,39,513.855701
451.782576,39,514.075551
523.179757,43,514.312564
478.221171,41,514.541198
448.844072,37,514.745156
492.346755,43,514.981831
478.516681,40,515.20165
477.804184,46,515.453045
476.251358,41,515.6797
536.970513,46,515.934843
513.104396,44,516.179558
479.196695,42,516.411128
496.841663,42,516.64245
481.375474,37,516.844939
481.544937,39,517.058242
497.88762,45,517.303558
470.362201,50,517.574175
451.720859,38,517.782864
521.38396,43,518.017282
512.301185,44,518.260583
543.508511,47,518.518256
463.368966,38,518.726251
482.657543,39,518.940584
508.428958,45,519.18744
447.832461,38,519.39771
519.621315,42,519.629532
533.925165,44,519.868428
457.707303,39,520.0802
501.26271,43,520.313325
459.958442,40,520.529746
491.57199,44,520.769446
476.125896,39,520.981183
490.66596,51,521.25785
457.976657,39,521.468282
465.14283,47,521.722546
452.930508,40,526.677845
438.804286,36,526.877275
494.478177,44,527.121722
459.387432,37,527.327538
491.699268,41,527.555762
526.757913,45,527.805901
450.504606,42,528.039823
516.467132,42,528.273154
541.39311,44,528.516501
465.522422,39,528.73459
501.467922,42,528.968552
491.189116,42,529.20177
507.339823,48,529.468592
472.612059,40,529.690207
495.650234,45,529.941574
530.686201,44,530.186382
488.054412,39,530.406729
447.050222,37,530.618042
509.71752,41,530.846582
441.019649,37,531.052566
487.797192,43,531.292053
469.426392,39,531.509558
499.631237,47,531.771103
474.973967,45,532.024149
483.905655,43,532.264126
516.387718,43,532.50327
488.443177,44,532.7478
444.577167,37,532.952769
465.748035,42,533.186111
507.368678,54,533.486669
495.183206,41,533.714597
473.810624,39,533.931906
478.12025,37,534.13802
510.711009,43,534.377397
504.492432,44,534.626326
481.998057,40,534.85158
479.865229,41,535.080462
480.927405,40,535.30425
465.03833,38,535.515459
463.726832,40,535.739009
486.574932,42,535.973292
503.398519,43,536.212103
452.60449,37,536.417447
483.718658,41,536.64498
516.523815,43,536.883874
479.56969,39,537.100619
514.836422,43,537.34027
534.712516,44,537.584388
496.356918,41,537.81202
473.200604,40,543.223331
461.468768,39,543.44095
507.298998,43,543.68019
485.804548,40,543.902607
502.47931,44,544.150119
493.442884,39,544.368257
491.804634,40,544.599268
500.927914,45,544.851012
503.237131,43,545.091822
515.721173,42,545.326184
482.079707,40,545.548088
501.284247,43,545.787543
464.870884,40,546.010705
450.60789,37,546.217952
473.217448,42,546.453239
528.295318,42,546.686621
496.929514,39,546.903587
496.114767,42,547.140954
494.934842,42,547.375513
510.607028,42,547.609972
509.894661,48,547.878253
512.318533,41,548.108611
445.228222,39,548.326384
510.918212,43,548.565389
512.970742,41,548.793618
489.851819,38,549.008759
448.799798,38,549.220664
446.759326,37,549.427639
465.118024,38,549.638546
513.200838,50,549.915431
464.471726,38,550.126816
492.355312,42,550.361198
467.580002,38,550.57289
471.823259,38,550.78395
509.732654,43,551.0228
480.440266,41,551.250257
493.347138,42,551.483877
492.46987,41,551.712009
522.402911,45,551.961941
542.268105,43,552.200763
528.199557,44,552.445517
483.75296,41,552.677361
510.220402,42,552.912063
457.500301,38,553.123711
513.437156,43,553.362492
514.494881,40,553.588098
495.478807,42,553.822013
443.808603,40,554.044653
468.222312,37,554.25106
512.974376,40,554.473753
487.695629,41,560.171065
488.5427,37,560.379244
500.750219,42,560.614267
491.889772,43,560.853937
436.879593,40,561.07622
500.607735,44,561.320719
456.883985,37,561.525308
537.048899,43,561.764594
462.882343,39,561.982085
504.202934,43,562.221006
439.475215,36,562.423024
466.162328,36,562.625369
519.910431,42,562.859465
517.120766,42,563.09667
509.700008,44,563.342152
521.949109,44,563.589175
501.247389,44,563.836298
532.560856,43,564.075981
441.948212,36,564.27624
506.355888,42,564.510484
499.709935,41,564.738372
533.640949,43,564.977625
450.740637,39,565.194543
457.737171,38,565.405786
498.028908,39,565.623518
472.989269,37,565.829919
464.381903,38,566.049097
513.967796,41,566.272492
470.550473,42,566.505008
492.356817,41,566.734991
464.687171,38,566.94144
513.950353,46,567.192269
508.560789,43,567.428545
500.152193,43,567.668016
498.268785,39,567.882823
501.121155,42,568.111345
498.478934,46,568.36068
456.694629,39,568.573805
470.774806,40,568.792592
506.317765,42,569.025786
509.791668,43,569.260033
477.219203,37,569.462937
460.253066,41,569.685349
499.984663,42,569.91663
501.315043,43,570.151608
458.176639,39,570.363929
454.720214,38,570.569522
476.026781,39,570.780242
439.701855,36,570.976012
499.434115,42,571.204837
469.300018,41,576.190125
462.333283,37,576.396887
476.289215,40,576.619993
499.478205,40,576.843417
536.166872,43,577.083709
515.270772,44,577.330795
445.997864,38,577.543283
502.056587,44,577.788913
449.498564,37,577.996485
517.09661,41,578.227614
497.390757,48,578.498307
461.495127,37,578.705202
484.068557,41,578.933635
533.767259,42,579.16913
505.2946,41,579.397267
513.139302,43,579.636312
491.361691,40,579.858951
506.550111,42,580.096331
500.366467,43,580.336516
529.995699,42,580.570116
493.980088,41,580.795704
488.915166,43,581.029857
469.693953,39,581.242843
513.294265,43,581.477849
505.885597,44,581.718588
488.638581,40,581.938645
479.094363,38,582.146394
475.887046,38,582.35417
474.686849,40,582.57241
462.065059,39,582.786029
519.618047,43,583.020372
444.863943,38,583.227551
462.94748,38,583.432745
479.279876,40,583.650826
466.547203,41,583.876055
496.486294,40,584.093358
483.09319,37,584.297666
460.63988,38,584.507977
461.192704,38,584.716657
490.31273,41,584.942102
506.33494,43,585.17789
486.762531,42,585.408731
546.772965,44,585.651678
442.555707,38,585.859715
456.27757,38,586.06825
490.119581,42,586.298482
487.094267,40,586.516438
492.932631,43,586.752275
473.676309,41,586.977814
531.465431,44,587.218039
481.915619,39,592.088573
481.676261,42,592.322779
515.889693,41,592.552027
495.67321,42,592.786335
480.575285,41,593.013952
494.054948,41,593.242084
439.440126,37,593.448485
512.100995,43,593.687329
493.035316,40,593.909366
460.073303,38,594.120302
504.474702,42,594.353681
509.638004,43,594.592451
463.681841,39,594.809919
473.344826,39,595.030929
462.368116,38,595.242886
514.605539,42,595.476454
546.54931,44,595.721105
484.89372,38,595.932254
512.875176,42,596.165376
457.687219,38,596.376881
482.940228,42,596.611412
451.741192,36,596.811386
476.152944,40,597.033436
489.158415,42,597.266603
453.849063,37,597.472233
487.764187,44,597.716193
458.666396,37,597.922446
545.627042,43,598.161645
481.30995,40,598.382732
472.470402,37,598.589196
490.677819,39,598.806425
490.275694,40,599.028756
497.253583,43,599.268914
482.306288,44,599.515911
479.656521,38,599.727724
494.02685,44,599.972585
486.339611,41,600.201865
466.526478,45,600.451797
500.901443,38,600.666314
500.942122,39,600.883872
452.161193,37,601.090282
484.479126,40,601.315745
490.295216,42,601.549792
457.215971,38,601.761463
521.836488,41,601.99127
463.722251,38,602.202474
535.269558,43,602.440808
508.672738,45,602.690465
474.722619,40,602.912789
504.680752,43,603.152208
515.707034,43,603.390647
509.830821,43,608.447326
470.468224,40,608.666995
502.635756,41,608.891951
485.445049,38,609.100579
475.669303,41,609.327229
531.376127,43,609.564426
524.9831,42,609.797205
460.975873,37,610.003618
526.353495,42,610.235693
485.076129,37,610.439167
445.390004,42,610.667866
446.661886,38,610.874573
474.163963,39,611.086832
518.541739,41,611.312139
489.110193,40,611.532336
496.658899,43,611.769961
463.641342,39,611.98476
503.96296,41,612.207912
530.367221,46,612.457748
476.575496,40,612.689542
525.125858,43,612.927812
510.610267,44,613.175056
514.004373,41,613.405002
452.067669,39,613.621826
468.540748,38,613.833547
544.364204,43,614.072443
465.021204,39,614.289126
493.093636,39,614.505619
520.150709,44,614.750009
443.76107,38,614.960805
461.465582,37,615.166924
531.834189,43,615.405915
453.614764,38,615.616694
495.145541,44,615.861176
507.071934,41,616.090111
509.447177,40,616.311701
442.840892,37,616.517523
518.486618,44,616.76159
491.429682,42,616.994902
485.232154,38,617.206428
508.310212,40,617.428525
457.41017,38,617.640118
511.248872,43,617.878659
465.107682,39,618.095351
450.343133,40,618.317364
493.414965,42,618.553515
470.356545,40,618.775417
500.660892,43,619.015027
500.177974,43,619.256253
490.144534,42,619.491571
516.53209,43,624.668283
468.50797,39,624.885816
487.671961,41,625.113925
479.966944,40,625.336245
464.999553,37,625.541866
488.739654,41,625.769578
461.008788,37,625.976107
486.416669,42,626.214415
504.936684,46,626.472483
463.446004,39,626.689398
517.492162,44,626.932951
504.141059,43,627.171038
477.044495,39,627.387213
459.981793,39,627.604052
465.801393,43,627.842909
495.421422,41,628.070354
464.476093,38,628.281659
468.490784,38,628.492163
480.569198,38,628.704311
487.714975,42,628.940189
468.414267,39,629.156469
469.267357,39,629.372037
520.180317,41,629.601404
504.655912,43,629.8396
531.560498,43,630.078498
459.143102,39,630.295029
475.293792,36,630.495418
525.26398,42,630.72853
467.925064,39,630.94493
494.648541,38,631.156593
483.360213,40,631.378198
489.610712,40,631.59951
452.047932,39,631.816957
478.914748,41,632.044708
486.042208,40,632.26675
498.330334,42,632.50076
484.546961,39,632.716081
526.062444,42,632.948423
478.485384,42,633.182556
517.744848,45,633.433134
477.496982,37,633.638965
475.51562,38,633.850306
493.879073,42,634.083843
468.826617,39,634.301252
503.330895,43,634.540285
511.236254,43,634.778535
474.487084,40,635.003004
510.498686,42,635.245398
494.308115,39,635.46248
445.826564,37,635.667246
457.723837,37,635.873382
512.255673,43,641.420539
524.088287,42,641.654454
474.644158,39,641.870487
470.959818,40,642.093472
467.696335,40,642.320999
458.528403,38,642.533789
461.891851,38,642.747196
507.611507,44,642.996368
486.587498,41,643.227455
503.97509,43,643.467389
472.87694,38,643.681077
515.692785,43,643.922605
451.304161,37,644.128781
531.261666,42,644.364306
504.558531,42,644.599466
523.235999,42,644.834084
492.784629,42,645.067706
503.352456,40,645.28997
500.650198,42,645.523756
489.73926,42,645.757111
444.975798,37,645.963312
482.170056,41,646.193863
473.587416,39,646.411661
491.283236,42,646.645473
455.303566,39,646.862167
475.381296,39,647.078287
478.95021,38,647.288779
450.59918,37,647.494688
504.920336,40,647.719204
465.221817,37,647.924743
522.054562,43,648.166299
450.617162,36,648.366707
502.193819,40,648.589596
524.511898,43,648.828796
487.005349,40,649.050605
477.122021,37,649.256779
483.685489,42,649.490277
468.769026,39,649.706825
499.808236,38,649.918815
510.676537,40,650.140832
451.343901,37,650.346748
487.115944,44,650.596543
443.295578,37,650.803186
465.62728,36,651.003206
518.170245,42,651.236029
528.744457,42,651.470685
461.879062,37,651.678718
464.245767,38,651.890321
493.388349,39,652.107475
503.003784,43,652.346342
447.63329,36,652.547557
456.658596,38,658.203814
531.175371,43,658.44066
506.693421,41,658.664596
503.872716,42,658.893938
494.96602,42,659.119745
487.21869,40,659.336376
483.359963,41,659.559224
470.930849,39,659.775134
524.73565,41,659.999941
509.425206,44,660.242773
500.517362,42,660.471918
453.429482,36,660.673215
490.02955,42,660.902719
477.819171,37,661.104222
491.239819,38,661.310048
515.059553,41,661.533004
453.050375,36,661.728236
475.393652,40,661.945474
456.522901,36,662.142842
464.052595,36,662.338366
466.290395,38,662.551617
468.578669,36,662.747675
467.37152,39,662.960466
465.667969,39,663.17396
497.851252,42,663.402139
494.207939,38,663.613415
441.425044,36,663.810748
486.141767,40,664.034706
495.113204,41,664.258533
524.6002,42,664.486889
474.200309,37,664.688945
458.49604,37,664.890855
491.564893,39,665.103981
476.553929,41,665.327947
499.530104,40,665.545029
500.77011,43,665.778745
490.934853,41,666.002511
501.218724,44,666.242805
459.010244,39,666.456121
453.305542,39,666.670887
503.999005,44,666.91107
497.486926,41,667.13333
480.287996,39,667.343965
508.677762,44,667.582996
448.459063,37,667.783227
491.674457,40,668.003379
459.426278,38,668.211021
504.547608,43,668.445786
523.755005,44,668.685495
505.426945,40,668.902782
488.988943,44,669.142822
470.005046,39,669.354921
473.440006,39,674.759047
452.273401,37,674.965474
475.882536,36,675.166545
511.19584,45,675.416533
442.486476,37,675.622052
501.934622,42,675.859101
451.388979,36,676.060546
481.167537,37,676.266767
483.714387,41,676.49594
506.092054,43,676.735675
491.070314,41,676.9643
487.415411,41,677.19438
465.031602,38,677.406568
483.085245,39,677.624155
544.262667,43,677.863055
440.272578,37,678.069048
457.404372,38,678.281096
486.02567,38,678.488544
492.414001,39,678.701823
494.040083,40,678.92422
448.472105,38,679.134282
466.273376,40,679.35442
483.724727,40,679.574363
479.997372,38,679.782547
491.3804,38,679.994775
527.648111,42,680.23393
451.227575,37,680.439344
515.162393,40,680.660044
497.664224,41,680.883724
445.045227,37,681.084497
494.888643,42,681.313531
482.652094,40,681.533211
438.392134,38,681.742911
507.230259,43,681.979663
511.044612,40,682.199328
484.046025,40,682.420576
445.236516,37,682.623487
497.258859,42,682.853543
507.660377,42,683.083509
492.127198,40,683.302621
496.621863,41,683.525246
504.165203,40,683.741786
482.97585,40,683.961049
480.477573,40,684.178849
494.88436,41,684.404115
487.062794,40,684.62639
476.784276,40,684.846211
490.235555,38,685.056338
503.559489,40,685.27917
456.039169,38,685.48544
507.736504,41,685.712425
512.894363,42,690.861726
440.093264,36,691.065008
458.701648,38,691.27762
478.290298,39,691.496063
491.342535,42,691.733181
477.544816,39,691.951962
470.39979,41,692.183072
511.15563,40,692.406915
498.869514,39,692.625955
484.848681,38,692.840453
494.891723,42,693.077045
503.517595,44,693.327572
451.089289,38,693.536833
519.99883,41,693.764706
513.725098,40,693.987154
545.687116,43,694.226042
502.28189,42,694.46177
488.029438,41,694.689201
494.812005,39,694.904376
473.532827,38,695.114949
523.751218,42,695.345466
475.144071,38,695.55589
447.158467,37,695.760251
487.018653,38,695.971251
474.297345,39,696.188188
512.348743,42,696.421114
488.314535,40,696.64547
524.396928,42,696.876658
512.119982,41,697.105484
474.29942,37,697.311787
455.279573,38,697.521279
487.363798,41,697.747367
458.901305,38,697.955733
513.157043,41,698.184101
477.427685,39,698.403867
460.608823,38,698.611897
517.795713,43,698.848109
466.591354,39,699.063289
467.637713,39,699.278443
543.218225,43,699.516112
472.578203,36,699.714939
476.084012,40,699.93499
526.442608,43,700.172371
488.794273,39,700.385984
522.964878,43,700.621004
474.894364,39,700.837757
475.591526,40,701.062137
514.379051,44,701.306225
443.973866,36,701.506346
440.189834,36,701.704462
465.774899,39,701.917545
499.5062,42,702.149888
478.135898,36,707.401491
457.763966,37,707.607002
487.807102,41,707.835015
471.637316,37,708.041046
450.230843,37,708.248533
525.912657,42,708.483616
462.160101,38,708.695874
457.387632,38,708.908605
487.433243,40,709.1351
493.945661,40,709.359826
494.205791,41,709.589457
500.134127,38,709.802011
470.276372,39,710.019975
499.704005,40,710.244333
495.459275,39,710.462538
480.289253,40,710.68567
532.624985,42,710.919112
471.586611,38,711.131609
515.512838,43,711.373829
481.270891,37,711.580763
450.239013,37,711.787144
475.19615,40,712.012599
521.951976,41,712.241704
501.743811,40,712.466013
534.820692,42,712.702279
446.514326,37,712.908203
486.281969,40,713.130925
487.950848,39,713.350371
456.644911,36,713.552682
455.727437,38,713.76692
447.855089,36,713.968781
475.97738,42,714.203455
459.755228,38,714.415741
480.820322,39,714.634952
514.793666,40,714.85827
480.914734,41,715.086777
511.189609,40,715.309736
484.947745,38,715.521769
488.004163,43,715.762588
485.324525,42,715.997904
484.471237,41,716.226118
477.746751,39,716.444624
522.648689,44,716.691439
522.052422,41,716.920747
444.212338,37,717.127477
476.077499,40,717.34976
486.430118,41,717.582395
476.579178,40,717.805098
502.369322,41,718.033482
474.147177,40,718.258847
441.625461,36,718.464612
452.889629,36,718.666605
501.195856,45,724.263464
507.322802,43,724.504678
456.434295,38,724.720427
483.033252,38,724.938306
476.587942,39,725.154644
461.794267,38,725.36571
516.815961,42,725.598264
506.874048,40,725.821054
498.071352,42,726.054275
496.300797,42,726.28873
477.338687,38,726.499496
477.923077,40,726.722226
512.30289,41,726.950235
474.205997,37,727.155381
484.695705,41,727.383396
487.14679,40,727.606805
478.293303,40,727.828884
514.57258,42,728.06232
539.616529,43,728.304505
496.69241,42,728.540167
490.209266,41,728.769988
504.963575,42,729.000314
445.746682,37,729.2019
491.263014,39,729.414274
487.400443,41,729.638438
458.052254,37,729.838803
502.50227,39,730.050786
496.232775,42,730.280729
486.135947,41,730.505438
467.761869,40,730.724573
444.629183,37,730.927617
484.863482,39,731.14097
484.151463,43,731.375561
493.008329,42,731.604903
513.27747,43,731.841554
491.197274,42,732.069532
517.543631,42,732.301815
515.542293,43,732.538457
478.492714,40,732.756754
521.661313,43,732.991788
441.803052,38,733.19905
483.828845,38,733.406693
446.725172,37,733.608039
486.326079,38,733.815545
471.977971,37,734.020023
546.444186,44,734.257855
528.263936,42,734.486625
501.864401,39,734.698878
505.217923,40,734.917889
522.401073,43,735.152469
518.71768,41,740.494241
459.510427,39,740.71185
503.166532,39,740.929324
497.057537,42,741.161572
505.623531,42,741.394578
506.540902,43,741.639109
469.795215,39,741.855645
482.204778,40,742.081174
493.567668,39,742.294506
521.166771,43,742.527513
494.528997,39,742.739952
507.937176,40,742.959902
505.896002,43,743.19656
500.691939,40,743.41729
485.035568,39,743.632969
498.617675,42,743.862665
482.32621,40,744.083259
489.515547,39,744.296016
524.028956,43,744.532662
475.772633,37,744.735819
498.334852,40,744.955187
517.892794,43,745.192586
470.566176,39,745.409275
468.723122,40,745.62909
449.447303,36,745.826111
496.795593,42,746.056641
447.892092,37,746.262005
467.72788,37,746.466505
469.705002,36,746.663362
503.825559,40,746.881891
517.170932,41,747.109323
468.708375,38,747.324963
498.985508,41,747.548988
465.990601,37,747.757655
505.870924,42,747.997394
484.913481,41,748.225121
475.027833,37,748.430914
513.506083,40,748.653506
476.059861,40,748.876668
470.251501,37,749.080473
483.695321,41,749.308761
479.96671,40,749.531268
483.979406,40,749.753307
464.147892,37,749.959654
450.015787,37,750.165543
461.922812,39,750.382177
473.092506,38,750.595621
465.468638,39,750.813432
481.279404,40,751.038858
440.701886,36,751.238589
468.105915,39,751.453889
460.602653,39,751.671289
518.969417,41,756.930182
513.278633,42,757.1651
452.863178,36,757.366199
449.849871,38,757.578444
484.181455,40,757.801884
505.018476,42,758.035802
469.906109,40,758.259482
481.978344,40,758.483562
464.356886,36,758.684352
520.913553,42,758.918853
535.805931,43,759.162327
484.192291,40,759.385187
511.724572,43,759.625092
451.967117,37,759.830725
504.984853,42,760.064647
462.144597,37,760.270561
483.018387,40,760.496491
447.689084,38,760.708583
468.615051,38,760.920515
492.445292,40,761.142801
477.246841,40,761.365364
515.567057,41,761.596128
489.920574,41,761.825167
483.336852,43,762.065385
467.613914,39,762.282455
503.468922,40,762.504788
467.678166,38,762.716087
518.202081,46,762.971761
465.715819,39,763.187791
508.549592,43,763.426537
485.24364,38,763.638453
440.742904,38,763.850735
480.563262,40,764.074701
506.746385,40,764.297421
533.449015,42,764.531934
486.974583,39,764.750068
507.231562,42,764.983793
500.42743,40,765.208225
482.690797,38,765.420615
509.506573,43,765.660025
475.648886,40,765.883761
513.05651,42,766.117489
499.854376,39,766.334261
538.06519,43,766.574896
441.293505,38,766.787544
503.570194,40,767.013216
537.837933,42,767.247854
518.152634,41,767.477138
508.766514,40,767.700068
501.482837,40,767.923818
482.709168,38,768.137467
483.728323,41,773.407469
482.170471,38,773.619213
474.239072,38,773.830684
461.995437,37,774.036849
473.572859,38,774.250968
456.034111,38,774.463574
475.388594,40,774.686429
500.838431,41,774.916363
471.558416,40,775.140903
469.460215,37,775.346986
459.109278,37,775.553474
447.952704,36,775.752923
451.385684,38,775.964747
489.183847,40,776.187444
438.464825,36,776.389467
516.664895,42,776.624958
504.220875,44,776.874355
526.120896,44,777.120999
537.283003,43,777.363347
527.766182,43,777.603992
475.411946,40,777.826984
518.766217,41,778.058942
464.149407,39,778.276811
464.512218,39,778.494185
454.821044,37,778.699092
512.379772,42,778.932899
496.211194,38,779.149777
546.820708,43,779.391645
470.493128,39,779.60996
472.32553,38,779.821596
487.966666,40,780.046463
495.48127,41,780.276347
509.932819,42,780.510494
478.061029,37,780.71789
435.541616,36,780.921172
468.423214,43,781.161319
482.812752,40,781.384251
494.186604,47,781.649351
444.132962,36,781.850369
495.954112,42,782.085046
507.107803,42,782.322073
509.786041,43,782.562842
474.031644,40,782.787531
461.54851,38,783.000084
475.64756,40,783.222478
513.062358,42,783.459383
491.957145,39,783.679337
453.426683,36,783.88131
485.446872,41,784.111467
450.30147,37,784.319191
439.549307,36,784.521848
495.315656,38,784.734145
499.615711,42,790.36228
495.243387,42,790.591248
497.334731,40,790.808905
507.586735,43,791.045
507.307362,45,791.294493
517.799213,40,791.512501
496.980321,40,791.731988
474.791287,38,791.938372
511.782364,46,792.188368
512.757026,44,792.429093
465.367525,40,792.651145
492.706199,40,792.873477
502.793036,42,793.101524
465.630605,39,793.317317
525.645985,42,793.558784
468.71762,40,793.780355
484.263939,39,793.998591
499.045171,42,794.235969
493.739738,42,794.478424
528.838811,41,794.702174
506.889528,42,794.9311
523.804062,41,795.153127
470.671527,39,795.366212
461.173283,38,795.574327
504.888571,40,795.792188
479.292043,40,796.012164
497.347933,40,796.233708
517.76664,41,796.458585
451.225158,37,796.662582
475.342807,38,796.870091
494.400416,39,797.084089
525.713322,43,797.319572
508.947126,43,797.553894
481.039455,39,797.765382
518.281224,40,797.984347
496.933907,38,798.190727
461.452965,36,798.386703
531.242346,42,798.615196
491.096042,41,798.837148
458.355138,38,799.043155
480.569326,40,799.259147
457.892264,38,799.465797
528.543539,43,799.699448
501.905278,42,799.928004
484.489232,41,800.153423
486.762433,39,800.365938
470.710362,41,800.588622
499.05912,40,800.808496
460.139797,37,801.009157
494.222797,42,801.237645
488.961007,40,806.622685
476.137258,39,806.840986
507.081099,41,807.069609
461.858928,38,807.280691
511.917847,43,807.521546
460.992421,38,807.735485
523.208147,41,807.963797
484.50968,37,808.169847
497.507896,42,808.404183
487.510524,38,808.615537
476.394938,38,808.828707
461.696417,38,809.040722
497.901873,42,809.275331
525.858624,42,809.509166
495.781702,39,809.725695
474.265659,36,809.926776
490.17213,41,810.154621
534.009794,42,810.388502
474.076128,40,810.611437
482.920689,40,810.833997
485.281584,38,811.047975
489.693296,41,811.276383
472.205966,37,811.482801
508.876317,42,811.716916
455.836453,37,811.92175
513.38183,42,812.155391
477.253858,40,812.378155
519.801497,41,812.605984
502.960198,41,812.83824
479.416791,40,813.06029
493.932302,42,813.294748
473.006182,38,813.505871
456.62844,38,813.719279
466.612583,36,813.920978
463.808483,40,814.143935
448.672535,37,814.350607
479.968698,39,814.566913
480.422697,40,814.790131
532.998716,42,815.02373
531.731354,43,815.26218
483.255834,40,815.484798
485.998033,39,815.70127
511.164614,41,815.94503
497.066292,42,816.178685
456.713445,38,816.389866
504.02015,42,816.625675
478.662587,40,816.851125
484.452475,39,817.068535
467.91475,41,817.296246
449.112369,37,817.502563
457.565672,37,817.709122
520.510445,42,817.943948
477.764865,39,823.312808
457.23171,37,823.519285
470.191777,38,823.731895
516.873306,41,823.96136
503.588166,39,824.18077
487.186132,41,824.409995
446.478905,36,824.610943
475.964843,37,824.818473
486.352792,47,825.080147
472.829284,39,825.297024
486.933943,37,825.503475
514.16953,43,825.74352
447.867763,37,825.950184
515.352797,43,826.194437
490.732974,39,826.410632
525.968574,41,826.639231
440.485797,37,826.847034
468.488279,39,827.066184
507.87467,43,827.306289
506.102924,42,827.544782
482.875897,40,827.766518
473.924939,40,827.98831
460.490289,37,828.193847
492.344373,41,828.422055
511.139651,47,828.684216
493.442323,41,828.915684
497.14004,38,829.127476
490.600464,41,829.355387
495.480266,42,829.589647
477.449936,38,829.800591
505.470149,43,830.040089
443.022435,36,830.239972
506.576626,41,830.468548
454.488353,38,830.681526
466.496009,39,830.89936
468.643586,39,831.115801
490.399628,41,831.345023
488.814914,41,831.573406
518.051038,43,831.812952
456.370653,36,832.013591
526.075763,45,832.263708
472.43328,39,832.482191
506.872755,43,832.722245
475.283198,37,832.928263
511.096265,42,833.16264
505.619091,40,833.384768
473.219412,41,833.612756
462.862756,38,833.823812
536.024167,43,834.062484
511.210377,41,834.290579
522.564306,43,834.529493
469.491017,38,839.696391
478.220824,40,839.919551
513.053858,42,840.157964
488.662027,40,840.38139
535.660093,42,840.619805
454.787177,39,840.837708
469.223415,38,841.050064
472.301101,39,841.269414
470.393295,38,841.481733
456.301965,38,841.69394
512.641975,42,841.927884
495.742164,38,842.139596
488.202372,38,842.353113
489.74966,38,842.56627
463.639713,38,842.779454
513.033696,40,843.004359
495.273836,41,843.232545
493.447414,41,843.46092
536.624091,42,843.694215
461.763531,36,843.896596
479.244199,40,844.123468
467.939691,39,844.342624
469.169618,39,844.560199
524.409779,43,844.799438
495.904057,41,845.030691
500.016225,42,845.267182
503.636862,43,845.507596
496.853504,41,845.737203
470.112714,37,845.943233
447.584383,38,846.155432
470.916817,39,846.373918
531.995329,43,846.614666
498.095231,42,846.85431
462.84357,38,847.072211
517.194751,41,847.300303
441.4967,36,847.50126
479.504521,40,847.724338
484.077658,40,847.94696
477.21016,36,848.148547
497.187675,42,848.38319
495.951379,42,848.616816
474.834776,37,848.823129
509.187883,43,849.065973
454.872298,38,849.278461
446.986617,36,849.481519
498.167076,39,849.700071
502.417353,40,849.92246
460.063507,38,850.133096
481.165285,38,850.344926
468.639268,39,850.558606
501.74937,41,850.78302
503.896278,42,856.036077
511.240947,42,856.269752
463.24426,39,856.48575
517.62383,43,856.724267
479.736665,40,856.947083
497.570568,40,857.169203
483.007175,38,857.380836
506.147398,41,857.608999
530.240706,41,857.836483
466.243861,38,858.049837
472.759188,40,858.271362
479.44002,40,858.492981
501.53164,42,858.726009
466.371486,37,858.931124
463.093342,38,859.141945
513.529371,41,859.370788
508.2318,39,859.588975
504.799538,40,859.809478
466.008985,37,860.012099
532.497863,43,860.246709
478.750341,41,860.472585
498.37969,40,860.687597
466.002027,38,860.90082
470.820705,37,861.113316
502.534399,41,861.339404
468.369362,37,861.541389
475.870962,39,861.754258
454.500705,37,861.957206
506.813478,39,862.172397
536.329838,42,862.403475
457.240156,38,862.61101
478.165389,38,862.820059
494.889424,41,863.044625
461.098129,38,863.254325
460.880088,40,863.474108
515.349793,43,863.709569
440.023028,36,863.908885
482.526982,37,864.111917
441.196604,36,864.313974
479.844465,39,864.526531
453.722094,38,864.732862
504.690017,43,864.973074
494.654618,40,865.195227
464.631945,39,865.412681
516.533627,43,865.650039
479.333739,36,865.849562
477.930593,40,866.07298
483.711674,41,866.296565
500.078371,39,866.509923
489.629916,39,866.72466
526.533878,43,866.962158
506.183448,43,867.197245
504.061384,44,872.503503
489.107535,39,872.720573
515.480344,42,872.954176
498.517797,42,873.190462
474.560572,38,873.403389
470.202554,38,873.614749
477.836107,39,873.832114
477.855386,39,874.04881
490.673015,40,874.271857
521.97645,42,874.505061
533.008022,42,874.738457
479.343369,40,874.960456
443.474712,36,875.160276
463.765988,36,875.361072
438.042454,36,875.561183
494.377682,39,875.777573
503.498181,43,876.016439
472.362919,39,876.233531
492.926712,40,876.454993
466.182985,44,876.699982
476.716,40,876.922988
496.918694,42,877.16024
485.278922,41,877.393482
474.570093,40,877.617155
506.495662,42,877.851397
510.868911,42,878.084816
463.925107,39,878.303698
506.892482,43,878.544943
537.366454,43,878.783913
445.49652,36,878.984308
461.966762,38,879.195848
546.182178,43,879.435437
494.254122,39,879.652534
481.671302,40,879.874502
452.59477,38,880.085829
526.46536,42,880.318948
491.118288,41,880.546496
531.080756,42,880.780345
491.936914,42,881.01422
481.983321,40,881.235876
439.380291,36,881.435834
494.347439,41,881.663078
484.245885,37,881.867901
512.179607,40,882.09076
474.933734,39,882.307529
447.515946,37,882.51613
440.965034,36,882.719455
462.454908,38,882.930324
535.160398,46,883.189659
514.605068,41,883.417059
523.457944,41,883.646178
459.293822,38,889.077468
488.859219,40,889.299188
479.937206,39,889.516163
466.007522,37,889.721762
479.569656,40,889.944791
459.446812,37,890.150012
498.577151,44,890.393856
523.424644,42,890.627634
465.977214,39,890.844355
487.70318,38,891.054734
498.511554,42,891.287659
476.215714,38,891.499825
476.159527,39,891.716062
476.650867,39,891.934669
477.36904,41,892.162476
453.027024,37,892.370003
463.474166,37,892.576069
436.425607,36,892.777006
477.587083,40,892.999713
502.633765,43,893.237782
510.040546,39,893.459307
518.955385,42,893.689923
484.275156,39,893.902843
480.047787,37,894.103723
474.238037,39,894.317544
486.754185,40,894.535074
461.890368,38,894.741793
511.413145,40,894.959023
479.042722,40,895.177465
498.546568,40,895.397678
520.557802,43,895.631729
514.557974,41,895.855229
499.603994,39,896.068881
488.972021,41,896.293515
488.811553,41,896.52066
479.074092,36,896.717182
491.715947,41,896.941268
526.845046,41,897.164037
513.66278,43,897.397929
537.467912,43,897.630937
450.170487,37,897.831759
483.906917,40,898.048496
465.225644,37,898.249572
474.498429,40,898.468171
509.268045,41,898.693407
513.667589,42,898.922683
486.818558,40,899.143419
505.095103,40,899.362316
480.143021,40,899.582219
522.352671,43,899.816581
481.658639,40,900.036036
458.964489,37,900.236987
