#{"t_start": 1774414910.869296, "env_id": "None"}
r,l,t
-248.735564,163,1.799785
-207.99704,77,2.530011
-1529.355543,3502,41.553072
186.547094,562,56.222497
365.460744,331,58.428936
337.021249,360,60.836803
231.288948,500,64.228356
272.59685,408,67.048358
409.524644,266,78.144556
403.643065,217,79.649083
419.928067,252,81.448682
386.968451,277,83.375174
413.655934,209,84.925555
440.822946,205,86.713657
362.923608,409,90.548893
316.327558,350,93.987898
360.448596,213,116.166355
405.156493,216,118.190975
373.082872,236,120.403465
447.55147,161,121.994895
383.990694,207,123.995694
426.278126,187,125.756018
425.310434,150,127.15946
417.438782,115,128.23411
450.208042,175,129.847647
397.101554,181,131.532557
435.758822,249,133.830662
427.332109,127,154.201175
415.7202,139,155.50774
428.558651,156,156.951772
414.007357,148,158.343153
466.889049,153,159.775996
442.571335,188,161.503447
431.411241,152,162.896998
458.831342,127,164.091802
379.076878,190,165.823138
450.659449,127,167.019414
449.10542,129,168.226173
444.37682,158,169.688121
439.68922,131,170.908244
376.908986,167,172.480975
471.139915,111,192.559083
458.411786,106,193.537786
423.152127,167,195.069818
469.863173,105,196.031133
443.369511,111,197.071313
429.244598,98,197.976207
440.512369,105,198.942622
440.614761,86,199.751627
428.112312,147,201.125179
493.080304,86,201.943556
401.692879,117,203.032651
468.253052,102,203.970734
435.815281,112,205.019421
408.797201,188,206.842799
437.002718,112,207.95888
409.446306,124,209.212723
406.810769,147,210.682393
467.064313,102,232.522277
430.216317,85,233.331907
477.184942,96,234.263742
458.678048,135,235.517179
454.791637,136,236.825959
423.28158,92,237.738215
495.536464,106,238.77892
443.802503,96,239.730504
460.937933,100,240.711911
455.355042,124,241.921492
430.920734,109,242.966739
443.819497,153,244.41851
412.16276,112,245.45451
447.590568,103,246.446163
414.067698,116,247.558926
457.805177,131,248.803464
456.544456,102,249.750067
444.080752,83,250.572839
423.139322,120,275.82653
434.790875,72,276.507888
442.453962,110,277.548269
496.873946,79,278.261719
475.032765,99,279.193932
486.110956,75,279.90183
421.515165,70,280.566505
410.119106,93,281.443032
475.484595,77,282.151906
463.698207,94,283.040943
447.81297,94,283.923421
428.199371,101,284.864125
446.501017,110,285.89398
474.522714,97,286.784477
474.292915,78,287.531774
419.243087,134,288.79268
459.008595,80,289.524518
449.204308,82,290.282496
485.376051,89,291.125024
434.980252,88,291.947415
469.073284,103,292.924304
470.737617,109,293.954543
480.17979,84,294.721745
450.589859,78,316.84431
456.079554,166,318.54211
402.621583,133,319.913369
460.320246,70,320.62374
502.494213,97,321.601127
459.328755,75,322.346461
501.538448,91,323.229022
499.055313,91,324.15262
475.927525,79,324.958914
501.2217,89,325.871822
471.366164,119,326.99777
451.876746,68,327.62058
422.234054,70,328.287954
459.043824,89,329.125544
435.456531,97,330.067537
493.278657,85,330.88642
452.659042,73,331.540848
510.248509,85,332.406647
485.403312,92,333.307279
483.843445,76,334.048383
467.675916,100,335.013093
472.433916,74,335.719458
461.228375,66,336.384933
487.925112,82,361.880453
474.068767,67,362.520591
470.413942,83,363.306719
494.178467,86,364.105091
479.60448,87,364.920036
486.151921,122,366.096793
432.83471,71,366.794746
487.717502,102,367.782751
474.358186,81,368.584346
440.254022,81,369.384472
449.884634,65,370.054356
430.307222,57,370.593679
455.299928,118,371.791313
422.989132,112,372.862958
470.214789,99,373.802176
481.058795,93,374.727554
457.289258,62,375.316568
469.880607,69,375.962133
466.091101,89,376.792782
460.067678,89,377.660339
450.401884,70,378.366903
434.961764,84,379.226645
477.511111,78,380.043005
450.782189,66,380.723583
471.243162,64,400.392065
411.868532,106,401.103104
421.725867,93,401.720372
508.600944,75,402.243649
463.957967,72,402.736319
469.783586,66,403.191118
506.002089,69,403.666103
505.212479,73,404.175578
470.533956,66,404.644176
422.918423,76,405.177508
429.451636,69,405.656159
452.373858,80,406.213239
497.428618,67,406.678732
463.656669,83,407.251483
454.401078,72,407.752557
490.341408,66,408.217115
471.626522,68,408.690145
478.62182,80,409.238928
433.153632,75,409.761579
486.163144,90,410.401405
446.595178,85,410.992264
453.909886,80,411.553771
468.172546,70,412.052728
460.625122,85,412.640112
462.894927,68,413.09495
470.325366,83,413.66063
444.439397,68,414.118827
485.812895,72,425.829822
468.657149,82,426.405897
435.960555,83,426.990871
504.726768,69,427.468678
520.415629,75,427.97892
492.383654,73,428.475476
440.807636,65,428.923801
466.67226,74,429.426536
482.505261,76,429.942914
447.709805,59,430.33842
426.127217,74,430.839297
519.91012,68,431.30921
450.100303,77,431.829033
438.941007,56,432.214418
491.324234,71,432.694452
463.65764,68,433.164722
493.52761,65,433.60611
484.345603,86,434.188563
489.751479,69,434.666075
476.444319,64,435.11253
447.62975,58,435.508749
439.327715,66,435.95918
441.675344,77,436.484857
458.777172,93,437.137117
436.684054,59,437.548866
420.021015,69,438.029277
487.565451,57,438.427472
460.186617,69,438.909468
489.979962,55,439.294786
500.931072,78,448.9616
501.472086,83,449.518708
470.366769,61,449.928895
489.783947,63,450.369546
467.34694,72,450.882662
500.604838,104,451.618612
473.000642,57,452.016428
448.844748,86,452.616838
455.606435,70,453.106308
460.357778,54,453.482507
496.543831,69,453.963928
477.543229,104,454.689606
485.736773,64,455.136763
451.290224,107,455.885574
494.775218,69,456.366877
470.965131,110,457.11651
447.269289,68,457.5732
444.671172,53,457.929778
492.56513,78,458.454358
460.962226,63,458.87967
415.542812,86,459.50824
513.683588,58,459.901451
490.476007,59,460.308372
478.383626,69,460.768268
437.079111,64,461.191549
487.728046,72,461.663806
446.843413,78,462.185964
490.394754,66,462.629759
430.74462,52,474.368925
462.598064,49,474.699538
490.496337,59,475.101635
442.226658,49,475.433348
467.325673,56,475.808042
488.463306,53,476.168504
521.29475,61,476.582289
486.911879,60,476.985913
475.955237,67,477.439664
473.383071,64,477.871043
487.029179,61,478.288421
488.574046,67,478.745403
428.497753,63,479.182906
496.844801,84,479.758905
456.595349,69,480.231706
432.08323,52,480.602974
464.504214,54,480.977953
468.131017,56,481.373613
469.360661,55,481.758217
504.989895,79,482.315909
470.658742,52,482.677971
447.595634,78,483.221421
467.394005,65,483.674714
468.111404,68,484.149016
502.554355,54,484.530585
516.703891,70,485.020019
501.908934,65,485.475925
471.603602,62,485.910194
438.931171,51,486.276549
487.623373,65,486.731235
455.222351,70,487.202179
518.457741,58,487.594713
521.361315,61,488.000854
491.169827,63,497.890171
495.261521,53,498.262642
485.937065,56,498.653261
448.290721,69,499.141516
465.977236,69,499.625186
429.975421,51,499.980316
471.72017,64,500.430758
451.465224,47,500.760205
502.357409,56,501.151285
479.214782,56,501.545953
470.675141,84,502.134795
454.485844,60,502.553894
477.212746,54,502.919415
485.113752,65,503.367395
455.078357,57,503.765216
453.717192,58,504.166447
470.631929,72,504.654433
442.167487,50,504.982926
491.410597,71,505.440596
474.692735,64,505.851898
520.344622,63,506.26175
487.107042,63,506.668154
509.609818,56,507.030828
437.425693,54,507.376785
516.712788,69,507.842756
483.071185,58,508.239797
508.314991,74,508.742486
519.976185,61,509.160569
501.830239,75,509.699175
473.666698,59,510.112263
497.430387,50,510.460283
478.176375,59,510.871421
496.838849,62,511.303959
499.668553,61,511.73377
473.625444,65,531.251328
477.281974,56,531.932455
479.962209,50,532.44626
524.047499,58,533.063682
473.075783,48,533.631462
471.544286,59,534.257838
471.470901,50,534.782908
511.679621,54,535.351423
475.801831,61,535.941933
437.205694,48,536.45726
470.193125,51,536.991504
507.573066,56,537.576073
440.558743,66,538.277276
485.400344,60,538.922467
466.11822,51,539.494837
470.206992,54,540.038481
475.184675,54,540.561468
474.182063,50,541.117369
505.756476,54,541.669796
457.577664,45,542.140428
473.33662,47,542.637599
480.557071,55,543.222313
474.828192,50,543.74204
507.81037,50,544.282447
440.952036,57,544.851057
468.064239,59,545.434174
456.647729,52,545.97804
514.863027,57,546.573104
479.824285,49,547.099961
475.203286,74,547.86862
435.194599,45,548.327579
435.565322,48,548.838684
484.083765,51,549.350719
486.430123,56,549.924963
485.940691,52,550.450735
445.772143,44,550.896197
474.566446,57,551.488136
467.978321,57,552.091637
452.820202,66,574.101162
509.761086,56,574.692575
451.391991,48,575.165499
481.141389,53,575.689051
503.019006,56,576.236972
451.150198,48,576.7087
444.852261,47,577.205556
503.079287,61,577.833929
497.036537,57,578.422348
452.991507,51,578.95718
487.360897,47,579.434292
489.466054,52,579.958991
482.063573,52,580.501351
481.707393,51,580.991636
450.582265,69,581.692816
479.38854,57,582.26086
488.76671,53,582.812615
456.345228,65,583.447932
505.7054,51,583.988445
489.535761,61,584.617341
435.205941,49,585.106508
473.595301,51,585.626076
474.222575,52,586.14842
449.418234,53,586.652008
449.441503,47,587.150141
441.485721,49,587.666696
471.721892,54,588.238407
441.019979,62,588.896764
497.885089,65,589.591251
482.756105,55,590.191969
455.624244,47,590.661839
474.190734,57,591.272084
511.427141,48,591.794042
477.030676,46,592.265009
499.189885,57,592.89181
490.597736,57,593.518453
486.463455,55,594.129336
514.777692,52,594.670423
512.729839,52,617.128594
494.237753,61,617.707655
470.426517,58,618.301991
483.782194,51,618.836889
499.389918,46,619.321679
509.136695,63,619.963693
475.072923,49,620.479701
499.422035,50,621.010249
468.766403,52,621.555502
494.232783,50,622.019298
500.133287,63,622.717897
432.174895,43,623.186562
473.21549,64,623.865978
496.286069,47,624.357152
459.80819,46,624.858815
501.893521,58,625.480958
485.618254,58,626.067872
458.801471,50,626.586124
496.45308,54,627.175061
498.469596,49,627.734704
468.001154,64,628.42383
453.21511,42,628.886479
498.01453,59,629.518362
510.67599,53,630.019711
442.903524,42,630.446235
482.64191,47,630.930569
466.231338,61,631.57837
460.877701,50,632.06989
461.889258,45,632.533211
429.405595,51,633.093912
517.498289,58,633.667417
449.203231,45,634.117296
473.874077,67,634.788027
475.858529,45,635.230494
483.423367,63,635.85339
441.822331,57,636.435126
470.955566,64,637.085885
496.340806,56,637.643362
499.489796,47,659.83291
438.054514,64,660.521323
463.9546,44,660.987218
461.617427,48,661.504975
447.40603,47,661.996843
454.465866,51,662.503015
487.605426,50,662.985563
466.074031,52,663.53375
462.911547,45,664.015726
499.507501,47,664.509136
490.57568,46,664.974316
463.289324,67,665.669426
443.955297,45,666.12468
470.912157,46,666.592328
512.967021,50,667.091104
533.79117,62,667.685994
445.313486,50,668.176782
512.560952,52,668.694042
490.826126,53,669.241882
498.499969,54,669.765177
488.781387,49,670.252275
480.318786,45,670.7165
479.971061,61,671.341768
489.71881,50,671.864416
468.747952,43,672.293284
519.251267,57,672.85747
441.193096,42,673.246032
503.715566,49,673.737964
494.182638,50,674.256622
484.209635,50,674.785133
502.070866,53,675.312524
464.234214,45,675.782679
500.996549,50,676.279084
473.765838,56,676.858357
470.02051,44,677.307755
447.242105,54,677.866352
494.531948,56,678.399694
439.583308,58,678.972939
487.318152,63,679.645592
496.041508,69,680.344103
454.37865,53,702.017711
457.027317,67,702.698402
451.285847,46,703.164935
490.525313,49,703.653658
466.216348,46,704.13988
480.230845,47,704.578624
461.219939,48,705.074656
510.990185,50,705.573963
498.019933,48,706.043172
483.964447,62,706.708634
517.942438,50,707.241808
479.367269,52,707.762264
454.665248,45,708.218001
443.530719,40,708.629937
459.003407,45,709.09754
462.467251,53,709.587178
447.834473,69,710.32191
440.708592,43,710.752274
506.43918,45,711.200049
474.219943,66,711.871636
466.892505,51,712.38399
490.264144,43,712.823837
497.197276,55,713.392492
499.405821,50,713.921319
460.776025,41,714.342509
477.439349,43,714.736642
510.421195,51,715.267338
493.16542,48,715.768566
512.808131,50,716.294733
475.120187,69,716.994406
514.801997,50,717.511062
511.716078,54,718.08847
488.633443,49,718.605725
479.573846,46,719.099234
483.627386,49,719.63908
473.776574,50,720.176975
506.41864,54,720.773841
482.448909,47,721.28335
480.28655,73,722.106418
534.018448,50,722.673831
447.719316,49,745.103212
523.009401,56,745.656355
493.517898,46,746.107895
454.404747,51,746.617521
503.893954,53,747.169027
455.608868,40,747.576941
501.428219,45,748.028239
470.885066,43,748.497306
522.216091,54,749.083359
462.264142,46,749.548285
469.392865,46,750.037834
531.806511,50,750.499882
500.656468,48,751.004994
494.661014,45,751.463008
511.112644,44,751.977841
492.617334,64,752.722466
530.805093,49,753.284819
467.150131,51,753.849169
481.79183,44,754.30468
477.600176,49,754.856869
508.103419,45,755.354631
441.350579,45,755.828567
434.888206,44,756.313277
454.417882,40,756.750245
442.366449,49,757.278045
501.794193,45,757.79833
480.609044,44,758.28775
505.372675,51,758.875211
503.01115,46,759.355268
482.662125,46,759.850942
470.739154,68,760.526923
446.258464,55,761.108559
533.331746,51,761.647672
445.270954,51,762.154772
475.619113,49,762.642743
491.95825,43,763.092725
452.462642,46,763.563191
466.129547,62,764.190099
466.693885,45,764.647684
505.34236,47,765.148746
502.161105,49,765.626521
496.142245,52,766.154209
462.666815,43,788.310379
500.810069,56,788.925804
443.215827,42,789.392212
490.326571,55,789.959809
480.051733,45,790.439362
471.842397,45,790.976378
472.136227,48,791.518973
469.659536,41,791.956857
453.667369,50,792.471155
481.43273,45,792.926526
474.26109,43,793.383728
445.974882,57,793.942608
455.981575,50,794.427955
525.664269,50,794.959478
468.974029,41,795.378378
458.133643,42,795.823963
487.590377,46,796.289718
494.746482,47,796.800387
450.955841,50,797.296031
474.213971,44,797.75584
520.005442,49,798.262184
498.125954,43,798.702631
442.483267,49,799.15106
492.075409,45,799.602039
487.210231,63,800.251117
470.780354,46,800.733608
486.548387,45,801.215931
443.493617,40,801.603342
475.835061,50,802.139151
507.889524,46,802.595437
481.531843,45,803.072557
458.333723,44,803.516788
464.314038,61,804.112692
483.028593,40,804.507146
473.495292,45,804.964589
466.723088,42,805.381914
462.995137,42,805.800411
477.30522,48,806.287642
487.028239,47,806.746016
510.422186,52,807.262143
438.041881,45,807.710293
488.10332,45,808.149997
464.987725,60,808.790781
491.277167,54,830.478361
503.760982,60,831.048598
473.986104,40,831.460819
481.448718,43,831.921967
499.39528,48,832.40354
455.245751,40,832.813371
485.347013,42,833.229562
536.687672,55,833.77145
511.800287,49,834.281941
499.840727,46,834.73929
455.344707,40,835.157661
436.564739,41,835.570794
472.3361,48,836.027325
463.881789,65,836.665354
511.498191,50,837.187554
453.256681,47,837.6662
485.762005,45,838.130611
462.905542,42,838.564498
474.843702,47,839.066206
508.647769,44,839.488803
459.795553,41,839.925191
508.687973,54,840.471255
479.843519,44,840.926834
441.905381,39,841.29077
515.95557,45,841.745011
460.830766,43,842.176436
510.234488,47,842.671006
497.465766,42,843.096497
460.887323,43,843.538037
509.022945,51,844.042363
487.968403,45,844.499398
483.099945,53,845.054576
460.832888,38,845.440569
485.584218,50,845.955138
491.563259,54,846.483936
481.624854,48,846.971778
443.8731,45,847.448481
499.638451,50,847.983692
471.626939,52,848.534486
475.884877,45,849.054541
491.176237,46,849.585317
535.625026,50,850.159147
483.227309,39,850.557111
507.863016,45,851.05007
496.697509,69,873.453122
458.515412,41,873.88631
514.267018,47,874.351874
490.616622,45,874.811052
517.566738,45,875.288563
494.146854,44,875.734994
477.809154,43,876.179761
468.755318,40,876.577628
523.394006,49,877.066772
490.557669,45,877.55495
522.882089,45,877.968053
475.140287,40,878.379937
492.328991,45,878.852976
500.976421,47,879.32452
499.080825,40,879.722078
499.451013,54,880.289877
504.32329,46,880.777827
478.088237,45,881.259866
477.14018,44,881.77192
460.340264,46,882.220321
448.881364,50,882.773687
449.477223,44,883.272798
486.412487,45,883.793513
484.822665,43,884.270862
466.124264,50,884.843306
500.688627,57,885.466559
473.220419,61,886.091746
470.346792,46,886.600525
462.46926,45,887.097919
443.418479,43,887.58515
454.178732,46,888.086171
478.476535,42,888.518836
515.629233,47,889.034171
490.424,48,889.552049
469.927578,52,890.056856
492.51729,49,890.544783
470.276254,40,890.95653
454.768285,59,891.562922
535.570318,47,892.066234
501.41742,42,892.499257
500.77766,42,892.927484
499.292702,54,893.46621
467.419437,41,893.918318
473.491365,55,894.469879
498.325485,51,916.957367
474.961842,42,917.40052
496.049335,49,917.948725
480.536762,49,918.469865
525.453078,46,918.999587
462.902464,42,919.463455
487.425059,39,919.900647
465.841988,39,920.331897
529.98686,45,920.825262
493.619951,61,921.502643
477.970718,42,921.898102
492.315512,54,922.462348
532.921726,49,922.974787
464.417515,44,923.422744
494.705564,51,923.958264
493.310661,49,924.466246
473.817112,41,924.882621
477.19452,44,925.309407
492.70387,47,925.805871
484.748068,42,926.250193
482.641135,42,926.634779
511.540874,52,927.173317
493.075634,44,927.620372
474.303693,43,928.057281
439.267229,40,928.470628
485.567513,42,928.857861
495.854624,62,929.479233
447.694876,43,929.919721
481.022511,47,930.404551
490.472199,49,930.925404
462.119172,45,931.376367
477.179575,47,931.818049
479.967432,42,932.227327
504.002859,45,932.678003
461.923846,41,933.099129
496.577075,48,933.566349
520.970702,55,934.110196
459.878066,40,934.520366
454.234687,43,934.951157
458.025004,52,935.497149
448.737188,60,936.087178
468.60966,39,936.495602
455.528646,48,936.993829
447.736207,42,937.388636
501.930553,44,958.956404
467.627291,44,959.404585
496.629231,47,959.856501
481.483313,47,960.327742
489.891862,46,960.789076
439.570991,38,961.17511
489.817819,43,961.611062
464.216942,38,962.002019
491.669905,43,962.442842
455.338068,39,962.832119
491.431668,42,963.26429
475.795114,54,963.824302
505.613318,44,964.271646
445.974424,38,964.64306
467.720156,40,965.020745
506.401751,47,965.51355
486.979047,42,965.941564
497.180648,45,966.387928
463.816139,40,966.803144
505.108305,44,967.24507
531.748049,47,967.712843
470.843134,44,968.152803
493.051693,45,968.616091
452.168076,38,969.014816
490.222901,47,969.487336
494.999959,43,969.91781
454.591388,42,970.294833
486.605368,41,970.719418
509.534499,49,971.206845
499.421895,46,971.675001
468.979076,49,972.167941
489.767263,42,972.604067
502.490427,44,973.042003
517.785784,49,973.537732
480.872129,42,973.993765
498.444782,51,974.509236
507.384343,45,974.994341
478.785581,47,975.454432
517.461104,46,975.910088
499.748197,52,976.47626
456.204901,40,976.886185
510.221302,46,977.385285
488.118898,49,977.878301
468.551064,43,978.348586
497.646935,53,978.898567
446.26909,39,979.335691
474.330381,40,1001.108815
505.21848,45,1001.557845
495.303236,48,1002.033278
522.28162,48,1002.528117
460.294311,62,1003.152652
488.444577,48,1003.6366
478.758923,56,1004.186486
471.840431,62,1004.804713
478.589021,41,1005.231297
504.809869,50,1005.726413
458.383393,44,1006.175547
493.011947,50,1006.67897
524.549653,49,1007.136313
442.683598,38,1007.532024
499.252502,42,1007.968137
471.208959,41,1008.379116
481.962853,40,1008.785988
466.296489,46,1009.251458
458.74608,40,1009.648689
482.897671,40,1010.049258
438.599818,41,1010.493646
472.244336,43,1010.93513
528.27728,46,1011.447315
447.153869,45,1011.90131
481.143864,40,1012.381027
467.956379,42,1012.84427
513.619039,46,1013.350922
448.821174,38,1013.777856
500.037355,61,1014.473922
479.148036,42,1014.925993
501.246776,52,1015.469551
487.961044,61,1016.149114
455.964717,38,1016.579705
488.226748,41,1017.005274
497.927549,45,1017.487769
450.788084,42,1017.951905
469.226693,38,1018.386864
465.075166,39,1018.790971
447.879063,46,1019.27375
508.092452,43,1019.670231
491.310681,44,1020.11338
501.819406,54,1020.685002
484.992854,43,1021.130534
475.294229,42,1021.557309
443.669859,38,1021.944826
480.567893,41,1044.477139
515.279902,45,1044.968363
473.744273,38,1045.397047
470.801643,45,1045.890271
485.383734,55,1046.49571
510.348812,44,1046.964858
469.218847,49,1047.507793
451.198942,43,1047.990146
471.612888,49,1048.511942
436.186709,41,1048.992737
463.66657,44,1049.462044
504.777486,50,1050.003499
494.153405,40,1050.418649
472.048979,43,1050.852402
471.278683,48,1051.413497
442.282907,40,1051.837396
458.51172,43,1052.29618
466.498143,42,1052.724364
461.768676,51,1053.245907
456.606726,41,1053.664542
465.719199,46,1054.130285
483.071806,39,1054.550043
495.946345,55,1055.106419
530.783143,45,1055.535406
502.518487,49,1056.026932
491.157585,46,1056.490544
472.244427,49,1057.010159
466.029853,41,1057.431324
506.083688,46,1057.885852
465.945993,51,1058.405961
486.249624,41,1058.821117
451.317808,42,1059.243416
507.524822,45,1059.692996
439.865876,39,1060.094328
488.861747,43,1060.527004
467.771581,45,1060.945203
473.396178,46,1061.426434
486.24032,46,1061.913471
473.780167,50,1062.411496
445.89423,37,1062.799707
524.69153,46,1063.255235
501.721869,45,1063.714401
490.898249,41,1064.125519
461.365387,39,1064.525219
472.249104,42,1064.929556
478.798997,44,1065.373957
524.678933,56,1087.134248
503.353813,43,1087.57579
462.50653,42,1088.007796
492.430263,45,1088.444399
456.919734,37,1088.823026
527.185145,48,1089.310251
517.833272,46,1089.768407
490.519772,42,1090.188088
492.430795,40,1090.591962
509.500132,41,1090.989282
454.314798,46,1091.469606
499.443033,44,1091.917147
451.752258,43,1092.330712
460.766972,45,1092.806444
470.121857,42,1093.242795
462.768744,46,1093.673599
511.135696,54,1094.236293
467.892025,40,1094.648013
496.044514,46,1095.106006
487.903271,40,1095.522151
506.441491,49,1096.013029
482.172065,45,1096.472094
475.696925,43,1096.907759
467.54847,41,1097.307719
454.327773,40,1097.716001
495.830918,42,1098.145691
499.431025,44,1098.59548
497.632388,50,1099.081502
443.740811,37,1099.437312
468.804896,43,1099.865835
520.270315,44,1100.309793
454.406836,45,1100.765715
483.060198,39,1101.175888
481.861112,41,1101.561262
505.034934,48,1102.064913
503.682304,42,1102.497052
510.850399,45,1102.951452
488.445525,40,1103.364248
511.614188,46,1103.834668
453.328901,40,1104.237422
463.070951,39,1104.617976
478.520911,39,1105.015957
475.55843,47,1105.487404
507.19628,46,1105.983544
484.395189,42,1106.412978
437.739022,42,1106.844651
512.104873,50,1107.34909
507.476895,45,1129.12661
437.004667,52,1129.663032
491.522292,44,1130.099582
470.076599,43,1130.530278
478.850768,39,1130.909325
491.599787,43,1131.340255
490.717862,50,1131.825067
470.288919,45,1132.273364
483.544184,41,1132.663653
542.805323,52,1133.205688
468.960748,41,1133.628035
483.400256,38,1134.013575
485.246765,41,1134.419071
541.564188,44,1134.863585
525.458211,48,1135.354876
516.14333,41,1135.770635
487.54286,39,1136.169585
454.200838,38,1136.554883
494.684253,46,1136.989367
449.107264,37,1137.372428
523.889762,42,1137.81906
476.860654,49,1138.302207
536.0986,47,1138.796382
535.119663,44,1139.233592
451.471023,38,1139.632941
504.372154,41,1140.052386
483.199741,44,1140.521852
472.558081,49,1141.060863
453.493269,37,1141.444875
488.487613,52,1142.020714
496.398877,43,1142.47555
454.039861,43,1142.971738
504.58159,46,1143.476301
451.604671,40,1143.912526
442.978728,53,1144.497942
486.728026,44,1144.987876
487.939378,49,1145.544133
431.683227,47,1146.046923
264.585146,39,1146.484911
493.349037,41,1146.948044
470.520563,40,1147.385023
494.32905,42,1147.85084
486.820031,43,1148.282526
465.492192,42,1148.710508
470.075751,37,1149.06907
505.690471,40,1149.470218
439.163171,46,1149.947491
515.48196,45,1172.665292
519.415438,43,1173.116215
493.712077,44,1173.559978
512.196284,45,1174.041646
450.447672,51,1174.601599
492.149493,47,1175.121666
442.293843,37,1175.556298
446.136045,47,1176.091325
464.746879,45,1176.57609
458.277037,38,1177.02078
456.114919,40,1177.467802
470.046558,47,1178.007493
459.849825,44,1178.492673
503.502858,42,1178.944986
487.417699,42,1179.411739
458.432585,48,1179.926093
515.460652,49,1180.445405
476.483236,40,1180.902582
482.994402,41,1181.359728
472.31081,52,1181.898456
512.428181,43,1182.351953
519.673269,49,1182.853212
479.546199,38,1183.246009
472.76155,41,1183.661615
480.520417,45,1184.151731
488.044133,42,1184.547985
530.319939,48,1185.032532
507.485688,43,1185.476647
496.897355,43,1185.912702
481.600868,42,1186.350372
513.685872,45,1186.808358
501.359467,44,1187.254026
465.584584,40,1187.660036
511.040019,43,1188.095399
458.681262,38,1188.483333
437.47124,37,1188.847654
482.366255,44,1189.317092
504.459624,44,1189.7375
482.945307,54,1190.293631
464.521952,39,1190.662638
482.072369,39,1191.067229
497.876353,48,1191.562576
468.676629,38,1191.949241
498.933592,44,1192.397682
521.977137,46,1192.85514
484.923765,41,1193.263602
441.156141,56,1193.842651
514.504131,44,1215.63436
490.557108,43,1216.06072
459.462282,40,1216.478572
518.833539,48,1216.961136
454.195206,44,1217.411638
456.660054,41,1217.827179
451.229425,38,1218.218797
526.627381,42,1218.648296
510.46538,42,1219.082916
495.926714,43,1219.520875
453.254713,40,1219.926858
484.897165,57,1220.489374
444.353933,42,1220.909552
530.528594,45,1221.357282
542.470324,49,1221.846518
482.158023,58,1222.392457
458.013161,42,1222.823297
431.964076,51,1223.351465
473.38269,45,1223.80639
475.002844,48,1224.28951
464.34248,39,1224.682747
491.387382,43,1225.122412
491.83127,70,1225.829626
473.338235,39,1226.229398
487.710446,46,1226.705542
471.11335,37,1227.087101
482.391623,41,1227.474273
455.503787,40,1227.882374
463.093758,61,1228.481572
469.164582,38,1228.879098
540.213113,49,1229.387046
516.328923,43,1229.819664
512.61017,45,1230.26779
475.721953,42,1230.700868
513.494447,45,1231.143038
497.927365,54,1231.681795
544.086786,46,1232.17314
497.865085,41,1232.575447
456.996733,42,1232.961602
509.321512,43,1233.388293
481.896463,41,1233.81807
450.910849,61,1234.45128
466.061668,41,1234.877332
464.828236,49,1235.366541
472.248829,37,1235.749803
484.082702,39,1257.336986
457.843343,38,1257.732097
442.39302,41,1258.146331
508.704201,44,1258.58798
465.593748,42,1259.020621
493.11222,44,1259.466674
498.943281,40,1259.862927
483.728409,47,1260.307492
463.39921,39,1260.689336
465.394801,40,1261.089181
527.996156,44,1261.527052
504.039238,44,1261.973668
484.248153,49,1262.462224
527.700857,45,1262.927447
490.564538,40,1263.316423
525.220813,47,1263.795669
510.265824,52,1264.343848
477.596616,45,1264.795768
464.562863,58,1265.40281
542.464053,48,1265.846589
447.338296,37,1266.217481
498.792183,44,1266.662145
466.644779,40,1267.083805
456.34028,55,1267.657369
454.11979,39,1268.066427
524.126146,46,1268.551965
505.09456,44,1268.995559
491.665633,46,1269.459708
513.681161,43,1269.916765
514.680045,43,1270.396724
504.10648,40,1270.803365
507.52068,45,1271.279362
450.683416,39,1271.700279
475.452396,66,1272.424612
465.03568,39,1272.83122
466.99972,44,1273.316386
504.392309,40,1273.75663
475.964827,40,1274.1692
520.519375,48,1274.681211
529.473022,43,1275.148878
481.765815,41,1275.611137
446.795149,38,1276.043925
470.182425,40,1276.45756
454.342643,38,1276.884276
496.60133,41,1277.343673
493.740311,42,1277.801687
453.572892,39,1278.196424
525.382412,42,1300.785677
443.838002,40,1301.189532
469.657184,43,1301.632054
447.496011,37,1302.011616
479.191048,47,1302.481048
452.226662,38,1302.870462
511.120614,44,1303.310499
519.467117,47,1303.814431
473.156853,38,1304.241863
442.428661,44,1304.725882
485.102045,61,1305.392782
474.223533,40,1305.83104
461.740718,42,1306.300588
488.77633,43,1306.737818
501.835082,47,1307.263082
466.735107,36,1307.670403
492.669426,42,1308.140594
493.960304,49,1308.683815
451.690671,51,1309.233085
507.22266,41,1309.692955
501.851398,45,1310.186111
480.176734,43,1310.624853
517.183269,43,1311.099422
461.931208,40,1311.503922
463.588418,39,1311.907255
505.86187,44,1312.361108
450.185008,43,1312.823543
450.872926,55,1313.402338
448.780368,40,1313.813008
470.110064,38,1314.194507
505.559481,42,1314.637607
499.336884,46,1315.108356
516.703218,43,1315.518971
470.19127,45,1315.964736
498.962432,39,1316.364815
508.510219,43,1316.795869
475.835369,42,1317.224622
475.220603,40,1317.624843
475.267608,42,1318.058213
519.688589,47,1318.533805
541.376608,51,1319.055473
501.128543,43,1319.477993
463.601203,44,1319.935275
491.210623,59,1320.546936
526.749657,42,1320.946997
473.785872,39,1321.305721
489.502623,40,1321.724451
510.831835,43,1343.620643
481.567044,44,1344.098052
474.217812,42,1344.532992
487.904739,45,1344.985688
489.91501,50,1345.509416
483.238158,43,1345.953166
504.433033,44,1346.390213
483.213324,39,1346.785164
494.073719,42,1347.244241
510.205814,43,1347.671739
466.402242,41,1348.056586
510.864166,47,1348.519803
464.635241,38,1348.907924
496.748292,50,1349.431429
503.098537,43,1349.828322
460.482506,51,1350.366139
483.610684,42,1350.791798
508.091145,44,1351.229829
463.013063,44,1351.686437
501.911092,48,1352.169079
456.585023,36,1352.556733
511.442582,45,1352.997245
497.082013,46,1353.418944
533.158519,53,1353.961848
492.961294,39,1354.371497
491.239098,38,1354.73864
516.302452,42,1355.17716
505.865146,44,1355.644715
475.461448,40,1356.031019
454.827052,41,1356.450828
456.474327,43,1356.877389
490.263966,44,1357.317942
449.393915,40,1357.723402
498.40987,43,1358.163948
491.806363,44,1358.616336
511.098801,40,1358.99283
474.250072,49,1359.486376
484.190533,43,1359.928456
533.170176,44,1360.379299
469.854921,42,1360.791795
482.7588,49,1361.300174
447.307449,50,1361.805855
508.088371,43,1362.26583
541.194199,44,1362.717739
464.257104,38,1363.109086
493.956941,44,1363.554583
480.233981,44,1364.010763
471.611862,38,1385.435342
479.778776,40,1385.836869
442.84529,41,1386.225974
449.718258,39,1386.607009
442.440589,46,1387.090073
462.586242,39,1387.49425
470.131102,46,1387.931132
500.569768,43,1388.38869
492.105201,44,1388.837044
540.098844,55,1389.384883
463.112693,40,1389.797985
528.603309,44,1390.279613
495.72355,43,1390.702329
469.061836,38,1391.076435
492.210013,38,1391.463511
513.82575,43,1391.861485
500.239614,44,1392.310585
501.857546,49,1392.820022
496.706414,40,1393.228022
445.348665,37,1393.608934
515.738199,40,1394.019922
478.628752,43,1394.457212
481.554452,50,1394.973037
517.97503,45,1395.429561
506.860992,43,1395.861578
503.224039,47,1396.339422
489.687396,39,1396.7256
497.299567,45,1397.187683
492.401245,51,1397.70503
438.568564,36,1398.079133
535.872213,44,1398.52171
493.437866,44,1399.003527
484.643466,44,1399.447234
469.933466,39,1399.845243
512.289723,48,1400.362959
519.533787,43,1400.835331
454.882183,38,1401.236906
466.821395,42,1401.683994
513.522653,43,1402.1612
471.190583,39,1402.59498
531.641289,46,1403.104311
499.854485,43,1403.581731
484.070693,46,1404.087763
436.768703,46,1404.587246
472.925323,44,1405.083594
473.883037,42,1405.507857
541.744817,47,1406.037814
517.580854,41,1406.496043
511.759676,44,1428.937909
461.841477,38,1429.338889
500.854776,43,1429.769152
498.491151,41,1430.186378
465.248921,37,1430.572186
501.395981,44,1431.034034
448.714665,39,1431.447562
463.25958,38,1431.842876
487.561711,47,1432.309656
522.803221,43,1432.706816
473.367356,43,1433.179579
478.893412,42,1433.651768
466.938965,38,1434.036999
488.275185,50,1434.597093
480.667787,46,1435.081586
503.874038,43,1435.538752
436.972524,37,1435.963417
519.004303,41,1436.400887
490.805013,43,1436.853958
487.383213,55,1437.471745
470.861726,37,1437.866346
453.510016,39,1438.293446
467.985835,42,1438.772295
506.403126,43,1439.237799
515.611341,49,1439.772126
510.377669,49,1440.292103
468.813436,41,1440.701461
460.341158,37,1441.092234
510.369406,50,1441.61384
474.143153,44,1442.056985
510.024233,50,1442.581522
497.340298,43,1443.052871
479.659745,41,1443.478267
479.051682,43,1443.913252
520.043092,43,1444.343779
492.888385,42,1444.775371
500.099716,43,1445.213057
443.456325,42,1445.611472
477.933743,56,1446.194283
477.802756,44,1446.644055
457.74595,40,1447.048318
457.811921,37,1447.443159
501.078661,58,1448.042689
493.337451,45,1448.494999
458.829852,55,1449.076013
481.917398,39,1449.476573
508.600834,47,1471.480353
442.774161,51,1472.068605
445.291675,46,1472.53674
525.821307,45,1473.023174
474.605466,40,1473.46941
497.487474,45,1473.931714
527.055353,44,1474.367111
493.911664,59,1474.977296
518.288387,48,1475.478769
524.607574,47,1475.983427
483.091815,45,1476.44181
462.822016,40,1476.854794
276.453821,37,1477.208722
469.654973,40,1477.614275
485.675352,41,1478.023777
498.705531,41,1478.436014
465.630071,39,1478.811955
495.291869,44,1479.246405
476.994813,41,1479.667939
523.41941,45,1480.125879
495.823256,43,1480.562713
481.950433,43,1481.000477
521.679097,41,1481.420775
499.872181,44,1481.871775
456.755623,41,1482.290218
451.161599,43,1482.693655
506.837408,43,1483.126935
493.172365,42,1483.56229
475.152156,37,1483.950742
455.971867,38,1484.327179
453.403811,48,1484.806246
534.853834,43,1485.240963
507.081032,47,1485.725852
463.746491,39,1486.128174
458.64051,41,1486.543525
218.395479,30,1486.833746
451.727012,41,1487.264875
482.408486,50,1487.766256
480.751064,44,1488.202597
450.976347,37,1488.559223
505.669848,39,1488.957944
471.673017,50,1489.480289
495.940538,44,1489.926551
466.323856,37,1490.28599
456.211651,41,1490.709067
504.156396,39,1491.112592
499.786879,43,1491.552684
503.547531,44,1492.023864
455.13457,38,1513.439839
484.59174,45,1513.873589
505.273085,46,1514.360743
479.016335,36,1514.734949
452.024018,38,1515.10096
498.677896,41,1515.493661
467.482559,41,1515.921155
465.801055,39,1516.323834
478.731467,44,1516.772881
500.851478,44,1517.226751
497.234427,38,1517.614725
451.823491,42,1518.054113
482.891467,44,1518.495126
512.62548,45,1518.95182
524.579355,42,1519.359777
489.324768,41,1519.780373
469.934306,38,1520.175212
501.704659,42,1520.578849
514.811848,43,1521.002979
469.473523,42,1521.420543
531.900375,42,1521.843938
493.141363,41,1522.265671
467.696639,42,1522.686956
517.641855,42,1523.1138
466.071915,54,1523.652513
536.179995,42,1524.0885
509.64041,44,1524.540432
468.864878,45,1524.988585
505.710065,53,1525.549378
455.374425,50,1526.015558
460.035254,39,1526.411774
485.96801,45,1526.861595
462.666356,43,1527.315393
496.565973,50,1527.807643
444.378436,38,1528.195458
481.765733,48,1528.703797
468.215976,41,1529.122593
467.191193,36,1529.528281
507.518233,48,1530.069946
518.138617,48,1530.550678
458.710597,44,1531.034407
492.793835,44,1531.516414
481.833912,47,1532.016127
476.727892,41,1532.46367
442.446234,39,1532.894624
513.672631,43,1533.335936
463.945848,40,1533.778349
482.80973,40,1534.228951
534.774941,43,1556.54298
524.634419,43,1556.978185
480.476882,37,1557.354725
480.14409,37,1557.694408
442.855393,45,1558.162682
507.884912,49,1558.675007
516.408287,43,1559.118493
487.515292,39,1559.510117
465.371284,43,1559.947162
506.992306,52,1560.487718
487.508603,39,1560.88288
473.839846,37,1561.26496
434.848125,39,1561.665483
475.810182,47,1562.131422
488.862911,42,1562.554196
478.716449,42,1563.023737
461.541004,39,1563.457017
511.265532,43,1563.927122
462.644776,41,1564.378334
487.402623,43,1564.840509
543.568279,45,1565.351844
434.23277,39,1565.796225
494.99306,44,1566.246865
445.934805,38,1566.665926
476.344674,43,1567.142614
449.351606,44,1567.636298
469.75909,39,1568.050364
449.750781,38,1568.485256
523.298092,49,1568.995703
481.184324,48,1569.534292
462.798458,39,1569.904061
448.857732,36,1570.306942
516.252864,46,1570.768683
464.692467,40,1571.176387
494.808039,47,1571.668538
511.864915,46,1572.15942
496.176188,46,1572.624012
522.332112,46,1573.120217
506.974397,48,1573.610732
467.019825,41,1574.019468
459.773788,47,1574.497556
474.955236,37,1574.839093
469.235937,39,1575.234603
517.366558,44,1575.687464
480.848419,50,1576.207429
508.343211,46,1576.633788
491.750969,46,1577.115976
490.681045,48,1577.593878
474.401409,39,1599.815483
519.209755,45,1600.330854
482.360546,57,1600.984692
486.571882,47,1601.506063
473.306027,38,1601.900492
512.294975,42,1602.359845
455.098806,39,1602.800045
501.907177,42,1603.26201
475.590333,40,1603.706599
532.591127,50,1604.211706
454.243222,39,1604.62409
453.487908,39,1605.020932
456.773085,41,1605.441512
484.407143,38,1605.831958
503.844418,42,1606.240415
530.343883,45,1606.705849
508.815476,43,1607.155811
451.064456,42,1607.589486
490.578296,39,1607.982068
444.684158,41,1608.374044
464.523581,45,1608.834372
488.337779,39,1609.242295
486.357749,43,1609.683471
501.028564,44,1610.131235
493.4461,43,1610.571012
499.340133,44,1611.01606
463.917032,47,1611.453935
500.429734,42,1611.905394
514.376571,40,1612.297682
516.986315,44,1612.759234
519.591438,52,1613.301163
453.796151,41,1613.722572
470.014025,40,1614.132615
498.495832,45,1614.594751
488.25392,42,1615.028421
504.513017,39,1615.422866
445.236358,38,1615.809964
444.040278,46,1616.266288
540.911565,43,1616.668362
462.497481,40,1617.054337
470.533374,44,1617.494292
491.084137,42,1617.928287
497.590773,48,1618.438872
474.032786,40,1618.848107
505.234063,41,1619.268864
499.999317,40,1619.676824
480.786683,41,1620.095128
459.834313,42,1620.488763
451.956302,37,1641.990723
511.948646,43,1642.427658
440.636898,39,1642.832149
507.421222,49,1643.323655
465.773687,40,1643.706796
478.763865,40,1644.096861
501.118377,43,1644.528214
462.390011,41,1644.942433
437.346752,36,1645.305268
456.059356,40,1645.723393
472.293854,43,1646.141849
485.81221,42,1646.571977
504.970937,46,1647.065271
461.106436,38,1647.430088
498.954863,42,1647.861803
485.536682,43,1648.302922
526.426505,45,1648.75777
478.28015,40,1649.167831
480.725089,38,1649.514229
504.014068,42,1649.939435
495.105236,46,1650.413322
474.611869,36,1650.787773
513.432553,44,1651.2346
528.939369,46,1651.72831
495.290359,43,1652.165242
526.521941,42,1652.559186
484.492924,39,1652.972987
504.898295,43,1653.404004
470.432397,43,1653.830292
453.281318,47,1654.312376
435.104757,43,1654.717704
449.849126,41,1655.143787
453.81417,43,1655.600797
514.373777,46,1656.06481
500.745656,44,1656.511116
460.01687,48,1657.009012
488.66031,42,1657.449008
464.40868,42,1657.897588
509.299299,43,1658.358079
449.707459,38,1658.741417
506.318888,42,1659.167586
500.007687,44,1659.615262
477.853475,42,1660.082994
482.565351,41,1660.547694
500.534778,41,1661.01521
462.124348,40,1661.461942
469.504232,37,1661.842339
481.241367,42,1662.310297
451.236893,54,1684.609053
510.101253,49,1685.105127
453.896362,43,1685.548332
454.561135,38,1685.928735
455.025027,42,1686.3337
479.431704,43,1686.748699
505.045813,39,1687.153747
458.52878,40,1687.557741
445.445119,38,1687.917442
464.821485,36,1688.291193
505.852081,47,1688.762623
486.895742,41,1689.185395
474.169109,45,1689.635041
463.310884,40,1690.071229
459.027765,49,1690.558045
486.645368,42,1691.012816
451.715347,41,1691.404469
489.483498,44,1691.861356
484.513259,42,1692.29418
461.771587,39,1692.733985
483.11624,48,1693.244633
451.022941,43,1693.709181
491.184647,41,1694.163963
465.22871,47,1694.67411
512.081196,47,1695.193613
502.97849,41,1695.645587
474.359596,40,1696.093859
487.092647,40,1696.534935
436.115837,36,1696.927798
466.715006,40,1697.384567
463.736263,42,1697.824435
449.922849,42,1698.289479
496.559941,45,1698.770683
508.539094,41,1699.200377
470.504017,42,1699.661677
448.948421,42,1700.142034
525.308125,43,1700.609417
496.018811,43,1701.057154
510.095058,46,1701.512698
500.584418,49,1702.029218
449.251041,37,1702.419182
483.79763,41,1702.834746
441.805154,40,1703.270872
446.380317,40,1703.648885
488.277463,40,1704.030134
477.217606,45,1704.477712
458.511169,41,1704.894669
480.541841,40,1705.306747
460.94943,39,1705.704728
511.727591,45,1728.051591
501.571907,38,1728.449993
498.757063,40,1728.888342
530.223766,51,1729.471737
447.60149,36,1729.858652
520.313467,40,1730.298444
485.231748,48,1730.84078
454.537874,44,1731.286166
504.192908,44,1731.776644
477.418552,40,1732.216639
511.269528,40,1732.673005
510.442725,41,1733.130516
442.759563,37,1733.55088
490.160664,43,1734.014525
465.299117,38,1734.399013
527.578623,48,1734.882543
486.287483,41,1735.251574
491.518905,40,1735.690783
499.426064,38,1736.084611
470.267556,39,1736.482024
522.756717,42,1736.91262
474.879544,42,1737.345067
490.607577,45,1737.795278
540.785976,45,1738.243238
490.199417,38,1738.634378
477.507768,45,1739.101184
486.127764,39,1739.509043
454.719969,41,1739.929611
515.86812,43,1740.329619
513.562302,45,1740.783156
514.296272,42,1741.200892
497.629016,42,1741.638535
488.679581,49,1742.132338
492.21587,41,1742.560784
484.163024,40,1742.974356
476.517239,39,1743.368873
512.641415,42,1743.797728
495.335478,40,1744.201226
498.301912,43,1744.637249
510.701904,45,1745.083253
481.348455,40,1745.471021
477.882024,36,1745.810404
482.338333,44,1746.257527
488.777676,40,1746.673178
513.568656,42,1747.096352
508.982332,48,1747.611958
500.272068,46,1748.06916
466.850522,42,1748.501114
464.485989,44,1748.94382
482.229459,37,1770.420655
503.06756,40,1770.818566
485.817403,38,1771.206052
496.822324,47,1771.678492
450.964808,38,1772.067823
449.294945,37,1772.44582
476.855523,47,1772.901277
480.11879,38,1773.259027
465.53345,39,1773.665269
447.464775,50,1774.187791
478.0099,39,1774.56038
471.648184,40,1774.97725
473.659479,38,1775.362416
474.415214,37,1775.737346
476.648164,45,1776.200638
491.723749,40,1776.603535
486.362309,42,1777.035527
494.094435,48,1777.510034
488.729665,40,1777.916293
508.043247,45,1778.345853
498.106313,57,1778.919456
462.132566,37,1779.27871
450.92611,43,1779.712473
478.72712,39,1780.12237
507.192788,39,1780.513422
468.283839,39,1780.913436
462.21424,49,1781.410588
501.169954,73,1782.145142
477.543961,41,1782.59695
500.13382,41,1782.987338
498.325721,41,1783.429612
482.145811,46,1783.855501
509.77445,43,1784.294729
483.943767,40,1784.702719
506.996856,49,1785.2062
534.54604,43,1785.63504
476.598942,43,1786.067997
440.452651,36,1786.43427
462.189027,59,1787.042439
485.869079,39,1787.433718
494.436632,38,1787.830282
524.920565,46,1788.292252
439.887613,42,1788.713236
457.538783,38,1789.094121
499.490129,45,1789.544323
450.649497,48,1790.054149
494.981038,43,1790.526882
483.153562,44,1812.586379
454.201448,36,1812.960489
467.063085,41,1813.374945
461.192988,38,1813.764127
496.878291,45,1814.218672
464.20397,39,1814.605114
445.693593,40,1815.006072
462.110805,40,1815.422666
470.5008,37,1815.798566
469.414991,40,1816.246747
477.699529,41,1816.624964
508.857741,47,1817.092894
487.866858,43,1817.526651
499.627664,44,1817.968868
527.902124,41,1818.393552
495.176893,41,1818.81447
495.809844,42,1819.253139
468.339792,38,1819.631208
481.290987,41,1820.080112
446.348699,36,1820.460806
524.942543,46,1820.92716
509.529182,41,1821.345062
505.819583,48,1821.820085
508.811024,43,1822.256324
468.998118,41,1822.721393
437.740709,45,1823.209123
478.880644,41,1823.66822
459.385247,44,1824.15922
479.592214,39,1824.602009
481.362632,51,1825.179286
505.003165,41,1825.601803
501.319391,41,1826.050344
536.581905,49,1826.613087
485.497637,40,1827.047218
479.953993,40,1827.476074
456.427348,47,1828.022004
485.622457,45,1828.467134
466.028272,39,1828.864882
510.418084,51,1829.452488
439.320551,38,1829.871199
494.292113,43,1830.346472
471.044831,39,1830.788143
474.601865,39,1831.222722
477.013474,41,1831.67365
502.774752,46,1832.151093
447.20038,40,1832.57901
463.396937,38,1832.971262
501.150447,42,1833.367113
455.642404,38,1833.75746
508.366257,41,1856.402102
479.814003,40,1856.814357
457.494792,38,1857.190237
478.696055,38,1857.627978
461.003584,39,1858.057331
480.465873,44,1858.573728
479.928397,40,1859.027416
469.705237,38,1859.455505
434.829161,41,1859.921241
471.349162,41,1860.366368
498.173336,40,1860.76896
502.130746,45,1861.259488
460.472791,38,1861.697201
499.882883,44,1862.190069
508.848527,44,1862.683413
475.999598,42,1863.163399
508.589388,55,1863.736953
479.156356,41,1864.191855
449.623024,46,1864.653818
485.765779,42,1865.118286
527.250519,43,1865.55199
487.302548,47,1866.045146
489.711987,39,1866.444839
453.332834,40,1866.851522
505.307616,45,1867.29996
466.512151,45,1867.749755
473.729619,52,1868.303169
508.962837,47,1868.773532
493.243123,44,1869.219145
467.975367,41,1869.603684
514.804792,51,1870.108259
482.668404,39,1870.493993
543.447802,43,1870.931641
532.781134,51,1871.459503
522.253823,48,1871.930276
509.010838,42,1872.369226
490.725154,44,1872.804758
532.203336,43,1873.245019
475.51537,37,1873.62975
502.139604,43,1874.045893
450.355382,48,1874.552017
530.424992,43,1874.944504
448.197218,36,1875.332145
500.734958,41,1875.753005
484.225359,40,1876.152379
484.77917,38,1876.520182
453.421414,39,1876.929852
451.028567,39,1877.335238
497.084307,39,1877.736369
491.328399,37,1899.19715
494.471796,42,1899.621574
510.668758,48,1900.122822
482.689052,41,1900.547862
509.664413,41,1900.932715
522.407591,44,1901.376513
466.867663,45,1901.828571
466.852551,44,1902.268245
480.983402,38,1902.626721
527.385566,42,1903.051108
502.159134,48,1903.535379
491.150193,42,1903.967152
490.683524,42,1904.404915
513.970029,45,1904.866563
475.056587,42,1905.291124
508.526025,45,1905.751432
460.490879,43,1906.183924
485.141897,37,1906.571732
467.545216,39,1906.973566
477.704291,46,1907.434394
478.085128,37,1907.786447
480.122356,46,1908.242697
505.990674,40,1908.653811
478.254796,49,1909.146537
497.74006,42,1909.56409
459.217085,39,1909.957461
447.773967,38,1910.328255
446.038551,37,1910.699508
500.128794,43,1911.134459
466.124482,39,1911.509257
436.51482,42,1911.966546
478.783904,44,1912.403552
465.154706,41,1912.827025
496.688895,42,1913.235136
457.392819,38,1913.607298
471.02846,36,1913.961007
498.629963,57,1914.549213
539.80328,57,1915.147444
467.831977,44,1915.592021
485.880863,40,1915.990613
480.963989,43,1916.408774
514.576786,52,1916.951828
490.295595,37,1917.337871
522.518031,45,1917.79032
473.351948,39,1918.185889
452.913243,50,1918.641575
476.902043,40,1919.061731
463.648452,41,1919.490733
494.407059,44,1941.183234
454.269827,39,1941.588567
512.117099,47,1942.078997
516.75219,46,1942.559381
486.715279,41,1942.987046
500.738804,44,1943.425057
474.313371,41,1943.814408
506.922521,40,1944.22436
488.653448,39,1944.629166
465.354604,41,1945.042505
518.164104,44,1945.485942
473.138339,40,1945.879954
526.828405,41,1946.255215
545.212072,43,1946.686617
459.927265,36,1947.058956
458.230823,40,1947.445349
518.757447,43,1947.888109
506.97122,40,1948.29893
481.9201,42,1948.724073
530.651442,46,1949.180085
501.32821,55,1949.738828
481.296875,41,1950.156112
547.433898,44,1950.622813
491.66068,38,1951.006659
549.474574,46,1951.430037
512.643574,43,1951.877078
508.281455,45,1952.357189
461.815195,36,1952.74526
517.249611,43,1953.226333
536.662114,46,1953.720546
486.302869,41,1954.167425
479.46129,46,1954.669326
498.341499,46,1955.167882
474.296761,40,1955.576167
485.794992,39,1956.019969
512.210789,50,1956.548361
517.193136,47,1957.088134
517.774731,44,1957.566224
530.860715,44,1958.044209
493.391879,42,1958.506173
466.956094,45,1959.02633
523.433699,43,1959.439922
482.756933,41,1959.873071
481.351767,40,1960.329675
522.612584,42,1960.791567
481.587754,40,1961.232404
502.929454,42,1961.671031
457.236512,38,1962.065619
459.054427,37,1984.637556
458.304633,52,1985.198172
450.837602,39,1985.597908
514.672809,45,1986.056158
519.56797,42,1986.517623
476.625861,42,1986.984512
513.260456,42,1987.407785
455.594969,37,1987.819366
477.487253,41,1988.264216
464.878022,36,1988.647129
461.465987,42,1989.105667
443.210179,43,1989.58065
510.650285,41,1990.055113
480.752555,46,1990.564527
451.719022,37,1990.998745
481.501061,38,1991.395961
528.027153,43,1991.883926
476.089403,48,1992.423195
463.388404,40,1992.858456
454.221155,46,1993.353381
428.535006,51,1993.923996
479.740895,41,1994.376023
446.297122,37,1994.79571
475.47082,40,1995.168433
434.451618,44,1995.605498
466.421892,40,1996.006651
483.960978,44,1996.477332
460.910749,43,1996.913329
511.356355,45,1997.371153
458.936814,38,1997.7593
518.229349,41,1998.172256
447.58168,40,1998.581906
497.871536,43,1999.025223
503.253265,43,1999.456673
489.669353,41,1999.878358
450.825695,37,2000.223087
459.228339,38,2000.620053
517.314917,41,2001.046556
481.868902,42,2001.449541
500.928056,48,2001.961498
522.440454,45,2002.417927
444.960666,39,2002.82759
515.413279,42,2003.247429
481.898632,42,2003.674145
465.772209,38,2004.036357
494.025696,44,2004.477697
468.393045,40,2004.878864
454.449929,38,2005.270377
454.730797,41,2005.635795
475.684582,42,2027.436292
451.102144,41,2027.822333
481.526474,42,2028.233958
492.204337,45,2028.714525
494.222574,43,2029.140316
525.819921,43,2029.598165
223.063691,31,2029.926572
496.118086,44,2030.377857
464.343918,40,2030.788133
486.444322,42,2031.214601
443.289082,39,2031.609614
478.798367,43,2032.047719
485.388662,39,2032.423798
489.062191,41,2032.807187
439.130531,37,2033.18828
494.386805,41,2033.595047
513.788106,41,2034.017174
501.242596,42,2034.441362
471.229304,39,2034.85122
450.801241,39,2035.247221
453.687825,37,2035.632589
543.015469,43,2036.071254
453.778866,42,2036.504741
452.412883,38,2036.885075
464.656388,37,2037.241479
466.28974,37,2037.620865
446.010592,54,2038.114179
492.411816,42,2038.548167
521.825667,47,2039.050804
529.912387,49,2039.534931
505.073335,44,2039.985082
457.416029,38,2040.380989
464.193218,37,2040.745164
442.373274,38,2041.142373
490.634701,64,2041.817659
469.082223,37,2042.176661
499.010133,43,2042.615302
525.763538,41,2043.034226
506.196972,40,2043.415246
497.833874,43,2043.853
476.152575,40,2044.25085
446.340497,37,2044.628037
462.872822,39,2044.997931
464.890244,43,2045.45363
485.575671,41,2045.849763
463.304652,39,2046.25342
501.717883,40,2046.665596
476.021617,42,2047.08968
498.143436,41,2047.506595
521.921971,42,2069.065028
485.30749,43,2069.502217
450.906679,40,2069.901489
447.808453,37,2070.256674
469.499617,36,2070.593021
475.160259,44,2071.051921
459.438047,38,2071.434067
463.19493,39,2071.830922
454.623617,38,2072.223367
456.281474,37,2072.581514
517.596172,42,2073.006896
473.972257,43,2073.444931
466.142418,40,2073.858234
485.080122,41,2074.276027
529.547493,42,2074.694355
477.812373,39,2075.089695
498.641199,46,2075.547062
460.728232,47,2076.000868
459.91184,38,2076.373302
533.134755,42,2076.778856
488.148347,39,2077.180423
447.304339,38,2077.567503
506.385431,44,2078.00278
520.062005,49,2078.492428
478.597301,45,2078.949111
495.741711,43,2079.409377
472.232356,39,2079.808956
489.1936,38,2080.205826
497.176752,39,2080.606527
524.841242,42,2081.029327
505.441341,49,2081.51126
442.719861,39,2081.920196
461.789221,38,2082.311726
472.838164,40,2082.72307
486.720686,40,2083.152463
438.994086,39,2083.63411
513.774788,42,2084.091587
480.562439,48,2084.592524
513.809987,40,2085.027138
532.422677,42,2085.453308
464.604883,56,2086.040078
491.556508,61,2086.730212
473.003757,45,2087.203944
464.793685,36,2087.595727
467.701173,43,2088.064752
492.878771,51,2088.638036
461.617182,42,2089.068769
493.242684,41,2089.521328
486.332374,40,2089.975136
485.168291,41,2112.474025
479.916378,46,2112.919611
451.501617,36,2113.273878
511.714975,44,2113.743485
506.744165,43,2114.170688
448.234988,40,2114.575718
507.185915,48,2115.076383
527.661263,41,2115.491242
531.226239,43,2115.951857
484.006696,45,2116.454925
496.240727,44,2116.935035
500.850099,43,2117.370446
492.912938,41,2117.833069
475.53196,46,2118.366467
486.192277,41,2118.774533
449.635553,37,2119.195531
472.48915,39,2119.630817
494.961815,59,2120.28522
454.71777,44,2120.763635
454.53295,39,2121.156375
491.919234,38,2121.54721
491.346694,47,2122.08178
459.729583,39,2122.476279
487.573732,41,2122.896621
453.740467,39,2123.32638
487.062651,41,2123.809153
499.330068,66,2124.555268
474.866762,48,2125.027038
496.564498,54,2125.608368
492.50756,43,2126.042756
522.824517,43,2126.504768
467.055447,46,2126.998584
504.865485,46,2127.456125
457.74509,39,2127.85061
485.876148,44,2128.295777
474.508847,38,2128.680628
501.654041,42,2129.123627
512.355533,49,2129.582869
473.682734,45,2130.038584
476.745898,49,2130.532794
508.02704,48,2131.040097
500.504339,42,2131.450325
490.839903,38,2131.866551
503.735408,40,2132.27043
501.464938,43,2132.713694
507.212707,39,2133.117255
494.599185,44,2133.574732
509.582348,43,2155.595962
538.537331,45,2156.065873
467.446634,45,2156.558293
477.089488,40,2156.942045
473.075844,39,2157.370989
486.206472,40,2157.784443
450.996299,37,2158.173061
494.364253,50,2158.666576
495.278397,39,2159.067957
514.170016,44,2159.511147
490.916795,49,2160.024978
503.133442,46,2160.489211
495.594355,41,2160.908521
451.711679,40,2161.314635
481.208932,45,2161.783078
496.200573,51,2162.254507
434.134453,56,2162.829406
470.649597,38,2163.207234
498.911683,45,2163.660437
509.016629,42,2164.113956
467.725041,39,2164.493654
464.654015,39,2164.889322
469.096906,43,2165.331986
476.561557,47,2165.804655
509.872408,45,2166.274347
471.260804,44,2166.710625
478.701396,43,2167.151898
471.622606,41,2167.528227
482.573145,39,2167.932505
517.125818,41,2168.338776
476.318654,38,2168.718714
480.521244,42,2169.133753
488.621146,43,2169.573807
505.925302,44,2170.023342
446.714317,41,2170.433171
496.719321,40,2170.83844
501.25223,44,2171.287723
507.916465,43,2171.723232
512.103045,44,2172.166093
479.688201,48,2172.650241
508.710057,44,2173.057924
545.299197,43,2173.528291
447.383414,38,2173.924145
451.621906,38,2174.310699
510.456821,40,2174.70791
494.720791,41,2175.105631
499.439947,45,2175.563667
465.910438,40,2175.973126
